IPAddress,Progress,Duration (in seconds),Finished,RecordedDate,ResponseId,RecipientLastName,RecipientFirstName,RecipientEmail,ExternalReference,LocationLatitude,LocationLongitude,DistributionChannel,UserLanguage,Q10_First Click,Q10_Last Click,Q10_Page Submit,Q10_Click Count,Q9,Q2_First Click,Q2_Last Click,Q2_Page Submit,Q2_Click Count,Q3_First Click,Q3_Last Click,Q3_Page Submit,Q3_Click Count,Q5_First Click,Q5_Last Click,Q5_Page Submit,Q5_Click Count,Q6,Q7_First Click,Q7_Last Click,Q7_Page Submit,Q7_Click Count,Q8,F-1-1,F-1-1-1,F-1-2,F-1-1-2,F-1-3,F-1-1-3,F-1-4,F-1-1-4,F-1-2-1,F-1-2-2,F-1-2-3,F-1-2-4,F-2-1,F-2-1-1,F-2-2,F-2-1-2,F-2-3,F-2-1-3,F-2-4,F-2-1-4,F-2-2-1,F-2-2-2,F-2-2-3,F-2-2-4
155.245.29.130,100,85,TRUE,2018/6/19 03:15,R_3QSMnJnZltNsFL6,,,,,51.90859985,0.920898438,anonymous,EN,1.736,1.736,3.751,1,I agree,0,0,1.551,0,0,0,14.094,0,46.361,46.361,48.991,1,Candidate 1,13.489,14.308,14.308,2,Candidate 2,Gender,Female,Scandal,Having an Extramarital Affair,Party Affiliation,Labour Party,EU Integration,Oppose EU Integration,Female,Plagiarism,Conservative Party,Neutral,Gender,Female,Scandal,Sexual Harassment,Party Affiliation,Conservative Party,EU Integration,Neutral,Female,Having an Extramarital Affair,Liberal Democrats,Oppose EU Integration
217.68.254.137,100,123,TRUE,2018/6/19 03:31,R_3iQ0F3hhj8pL6yQ,,,,,51.88330078,0.899993896,anonymous,EN,17.164,17.164,18.417,1,I agree,0,0,9.879,0,0,0,22.722,0,8.592,8.592,14.651,1,Candidate 2,55.69,55.69,56.879,1,Candidate 2,Gender,Male,Party Affiliation,Conservative Party,EU Integration,Support EU Integration,Scandal,Plagiarism,Male,Labour Party,Neutral,Having an Extramarital Affair,Gender,Male,Party Affiliation,Labour Party,EU Integration,Neutral,Scandal,Having an Extramarital Affair,Male,Labour Party,Support EU Integration,No Scandal
62.255.36.196,100,155,TRUE,2018/6/19 03:32,R_12yXp3siG4QWXBa,,,,,51.90859985,0.920898438,anonymous,EN,3.32,3.32,4.974,1,I agree,51.925,51.925,62.228,1,0,0,36.563,0,27.903,27.903,31.852,1,Candidate 2,18.566,18.566,19.45,1,Candidate 1,EU Integration,Support EU Integration,Party Affiliation,Liberal Democrats,Gender,Female,Scandal,Misreporting Funds,Support EU Integration,Liberal Democrats,Female,Plagiarism,EU Integration,Oppose EU Integration,Party Affiliation,Conservative Party,Gender,Female,Scandal,Plagiarism,Neutral,Liberal Democrats,Male,Plagiarism
82.27.112.61,100,81,TRUE,2018/6/19 03:43,R_3elSn7vUIqOEBt1,,,,,51.88330078,0.899993896,anonymous,EN,1.276,9.802,10.429,12,I agree,0.988,0.988,1.96,1,0.394,15.465,20.725,7,1.085,18.785,21.032,8,Candidate 1,1.19,20.711,21.818,5,Candidate 1,Party Affiliation,Conservative Party,Gender,Female,EU Integration,Neutral,Scandal,Sexual Harassment,Conservative Party,Male,Neutral,No Scandal,Party Affiliation,Liberal Democrats,Gender,Female,EU Integration,Oppose EU Integration,Scandal,Plagiarism,Conservative Party,Female,Support EU Integration,No Scandal
155.245.58.127,100,277,TRUE,2018/6/19 03:49,R_32UTXcMF1ABuJ3s,,,,,51.88279724,1.004592896,anonymous,EN,61.287,61.287,62.858,1,I agree,12.939,12.939,27.575,1,0,0,171.913,0,7.742,7.742,9.02,1,Candidate 2,10.752,10.752,12.902,1,Candidate 1,Scandal,Plagiarism,Party Affiliation,Conservative Party,Gender,Female,EU Integration,Oppose EU Integration,Having an Extramarital Affair,Liberal Democrats,Female,Support EU Integration,Scandal,Having an Extramarital Affair,Party Affiliation,Conservative Party,Gender,Female,EU Integration,Support EU Integration,Misreporting Funds,Labour Party,Male,Oppose EU Integration
86.132.231.179,100,219,TRUE,2018/6/19 03:51,R_29b17Fs4lgijVjT,,,,,50.8500061,0.566696167,anonymous,EN,11.181,24.157,24.174,5,-99,0,0,2.111,0,38.987,45.11,74.25,6,14.182,31.879,34.651,2,Candidate 1,78.641,89.725,91.141,3,Candidate 1,EU Integration,Support EU Integration,Party Affiliation,Labour Party,Gender,Male,Scandal,Having an Extramarital Affair,Support EU Integration,Liberal Democrats,Male,Having an Extramarital Affair,EU Integration,Oppose EU Integration,Party Affiliation,Labour Party,Gender,Female,Scandal,No Scandal,Support EU Integration,Liberal Democrats,Female,Plagiarism
86.147.203.180,100,176,TRUE,2018/6/19 03:51,R_28Zzz03FLUEASkh,,,,,51.88330078,0.566696167,anonymous,EN,1.292,16.484,17.434,8,I agree,14.662,47.555,48.502,4,7.174,47.17,77.293,10,21.068,23.89,23.951,4,Candidate 1,6.336,7.794,8.575,3,Candidate 1,Party Affiliation,Conservative Party,Gender,Male,EU Integration,Neutral,Scandal,Misreporting Funds,Liberal Democrats,Male,Oppose EU Integration,Plagiarism,Party Affiliation,Labour Party,Gender,Male,EU Integration,Support EU Integration,Scandal,Sexual Harassment,Labour Party,Male,Oppose EU Integration,Plagiarism
82.132.227.74,100,107,TRUE,2018/6/19 03:52,R_UFUNZMBoHNLGGyZ,,,,,51.6000061,-0.066696167,anonymous,EN,8.885,21.484,22.643,7,I agree,0,0,6.805,0,9.919,23.767,30.679,3,5.819,21.203,22.077,3,Candidate 2,8.837,9.71,12.424,3,Candidate 1,EU Integration,Neutral,Gender,Female,Party Affiliation,Labour Party,Scandal,Having an Extramarital Affair,Support EU Integration,Male,Conservative Party,Having an Extramarital Affair,EU Integration,Neutral,Gender,Male,Party Affiliation,Liberal Democrats,Scandal,Sexual Harassment,Support EU Integration,Female,Labour Party,Misreporting Funds
77.111.247.72,100,76,TRUE,2018/6/19 03:57,R_qxVhbKYlapUmZYR,,,,,47,8,anonymous,EN,4.07,4.07,4.999,1,I agree,0,0,7.974,0,0,0,21.473,0,12.353,12.353,13.674,1,Candidate 1,21.797,21.797,22.878,1,Candidate 2,Gender,Female,Scandal,Plagiarism,EU Integration,Support EU Integration,Party Affiliation,Liberal Democrats,Male,Sexual Harassment,Oppose EU Integration,Liberal Democrats,Gender,Female,Scandal,Sexual Harassment,EU Integration,Support EU Integration,Party Affiliation,Liberal Democrats,Male,Misreporting Funds,Support EU Integration,Liberal Democrats
86.167.232.130,100,268,TRUE,2018/6/19 03:59,R_qI8GtGX0Kofyijv,,,,,51.88330078,0.899993896,anonymous,EN,29.173,69.392,70.456,14,I agree,14.509,34.65,35.913,3,12.934,82.049,85.945,11,15.102,42.713,43.911,3,Candidate 2,11.282,20,21.552,3,Candidate 2,Scandal,Misreporting Funds,Gender,Male,EU Integration,Neutral,Party Affiliation,Conservative Party,Misreporting Funds,Male,Support EU Integration,Conservative Party,Scandal,Sexual Harassment,Gender,Female,EU Integration,Support EU Integration,Party Affiliation,Liberal Democrats,Misreporting Funds,Male,Neutral,Liberal Democrats
82.132.246.208,100,42,TRUE,2018/6/19 04:03,R_snjvHNqB0IVVYrv,,,,,52.58329773,-2.133300781,anonymous,EN,0.895,2.474,3.053,4,I agree,0,0,0.635,0,8.847,10.419,14.167,2,6.769,6.773,8.369,2,Candidate 1,5.163,5.165,11.071,2,Candidate 2,Party Affiliation,Liberal Democrats,Scandal,Plagiarism,Gender,Female,EU Integration,Neutral,Conservative Party,No Scandal,Male,Oppose EU Integration,Party Affiliation,Conservative Party,Scandal,No Scandal,Gender,Female,EU Integration,Neutral,Liberal Democrats,No Scandal,Male,Support EU Integration
86.30.98.84,100,116,TRUE,2018/6/19 04:05,R_Zlule9ypgfqSQgx,,,,,51.90859985,0.920898438,anonymous,EN,8.099,15.883,18.232,9,I agree,10.882,11.697,36.638,3,7.06,21.34,22.499,7,19.369,21.415,23.368,3,Candidate 2,6.667,9.498,12.167,3,Candidate 2,Gender,Female,Party Affiliation,Conservative Party,EU Integration,Oppose EU Integration,Scandal,Sexual Harassment,Male,Conservative Party,Support EU Integration,Misreporting Funds,Gender,Female,Party Affiliation,Labour Party,EU Integration,Oppose EU Integration,Scandal,Plagiarism,Male,Conservative Party,Support EU Integration,Plagiarism
86.148.156.140,100,136,TRUE,2018/6/19 04:06,R_WAR9vZsWAEzIZrj,,,,,51.88330078,0.366699219,anonymous,EN,32.939,34.016,35.457,2,I agree,14.109,14.109,34.48,1,0,0,35.131,0,15.363,15.363,16.695,1,Candidate 2,10.888,10.888,11.926,1,Candidate 1,EU Integration,Neutral,Party Affiliation,Conservative Party,Gender,Male,Scandal,Plagiarism,Neutral,Liberal Democrats,Male,Having an Extramarital Affair,EU Integration,Neutral,Party Affiliation,Conservative Party,Gender,Female,Scandal,Having an Extramarital Affair,Oppose EU Integration,Labour Party,Male,Plagiarism
31.221.65.146,100,229,TRUE,2018/6/19 04:07,R_216PltqX8hZvHQX,,,,,51.51420593,-0.093093872,anonymous,EN,2.081,3.378,4.055,3,I agree,0.92,61.25,66.991,3,19.045,91.268,109.79,3,23.053,32.821,33.786,3,Candidate 1,12.969,12.876,14.972,2,Candidate 2,Gender,Male,Party Affiliation,Liberal Democrats,EU Integration,Oppose EU Integration,Scandal,Sexual Harassment,Female,Labour Party,Support EU Integration,Sexual Harassment,Gender,Female,Party Affiliation,Liberal Democrats,EU Integration,Support EU Integration,Scandal,Sexual Harassment,Male,Liberal Democrats,Oppose EU Integration,No Scandal
81.109.254.163,100,99,TRUE,2018/6/19 04:07,R_2DNf05l5d23iBM0,,,,,51.3999939,0.050003052,anonymous,EN,1.396,3.223,4.008,3,I agree,0,0,0.816,0,8.659,15.016,18.207,5,4.277,35.178,37.042,6,Candidate 2,31.898,33.972,34.756,3,Candidate 1,Gender,Female,Party Affiliation,Liberal Democrats,Scandal,Having an Extramarital Affair,EU Integration,Neutral,Male,Conservative Party,Misreporting Funds,Support EU Integration,Gender,Female,Party Affiliation,Conservative Party,Scandal,Misreporting Funds,EU Integration,Oppose EU Integration,Female,Conservative Party,Plagiarism,Oppose EU Integration
109.144.223.52,100,63,TRUE,2018/6/19 04:15,R_Avdcrcy7gYyEfKx,,,,,51.51420593,-0.093093872,anonymous,EN,1.96,4.069,5.124,3,I agree,0.73,0.73,2.175,1,1.11,14.751,16.585,5,1.327,16.572,17.906,6,Candidate 2,1.665,11.503,12.372,6,Candidate 1,Gender,Female,Scandal,Sexual Harassment,Party Affiliation,Conservative Party,EU Integration,Neutral,Female,Misreporting Funds,Labour Party,Neutral,Gender,Female,Scandal,Misreporting Funds,Party Affiliation,Labour Party,EU Integration,Oppose EU Integration,Male,Having an Extramarital Affair,Labour Party,Neutral
86.12.161.20,100,88,TRUE,2018/6/19 04:16,R_1QaySTypWU9p5Lm,,,,,51.51420593,-0.093093872,anonymous,EN,6.449,26.024,27.953,8,I agree,0,0,2.769,0,0,0,26.479,0,12.089,12.089,13.95,1,Candidate 1,12.641,12.641,14.204,1,Candidate 1,EU Integration,Support EU Integration,Scandal,No Scandal,Gender,Male,Party Affiliation,Labour Party,Support EU Integration,Plagiarism,Female,Liberal Democrats,EU Integration,Support EU Integration,Scandal,Having an Extramarital Affair,Gender,Male,Party Affiliation,Conservative Party,Neutral,Having an Extramarital Affair,Male,Liberal Democrats
5.151.215.96,100,52,TRUE,2018/6/19 04:17,R_10u9YJe3T0XGqcO,,,,,51.90859985,0.920898438,anonymous,EN,4.12,5.641,6.536,3,I agree,0,0,1.843,0,4.937,7.361,10.311,2,9.558,16.776,17.193,3,Candidate 1,5.308,5.323,12.054,2,Candidate 1,Gender,Male,EU Integration,Support EU Integration,Scandal,Plagiarism,Party Affiliation,Conservative Party,Female,Support EU Integration,Sexual Harassment,Liberal Democrats,Gender,Male,EU Integration,Support EU Integration,Scandal,Plagiarism,Party Affiliation,Liberal Democrats,Male,Oppose EU Integration,Misreporting Funds,Conservative Party
86.1.190.190,100,109,TRUE,2018/6/19 04:21,R_8GI2pkkn35r8cpj,,,,,51.90859985,0.920898438,anonymous,EN,18.62,21.206,23.52,2,I agree,0,0,3.094,0,26.367,26.367,29.328,1,18.116,25.282,27.157,3,Candidate 2,5.752,20.906,22.888,2,Candidate 2,Party Affiliation,Conservative Party,Gender,Male,EU Integration,Neutral,Scandal,Misreporting Funds,Liberal Democrats,Male,Neutral,Misreporting Funds,Party Affiliation,Labour Party,Gender,Male,EU Integration,Support EU Integration,Scandal,Misreporting Funds,Liberal Democrats,Male,Oppose EU Integration,Sexual Harassment
155.245.59.228,100,112,TRUE,2018/6/19 04:22,R_3KVM0tn3QHHZTZ3,,,,,51.94999695,1.066696167,anonymous,EN,3.319,3.319,5.055,1,I agree,14.363,14.363,29.91,1,0,0,35.713,0,23.225,23.225,26.602,1,Candidate 1,15.266,15.266,16.341,1,Candidate 2,Party Affiliation,Conservative Party,EU Integration,Neutral,Gender,Female,Scandal,Sexual Harassment,Liberal Democrats,Neutral,Female,Misreporting Funds,Party Affiliation,Labour Party,EU Integration,Neutral,Gender,Male,Scandal,Sexual Harassment,Liberal Democrats,Support EU Integration,Male,Sexual Harassment
86.1.186.170,100,71,TRUE,2018/6/19 04:30,R_3oz8yK29PIsQTbU,,,,,51.88330078,0.899993896,anonymous,EN,1.53,16.238,17.276,17,I agree,0,0,1.208,0,1.413,10.909,20.421,10,6.547,11.096,12.218,4,Candidate 1,1.276,8.987,10.332,3,Candidate 1,Scandal,No Scandal,Party Affiliation,Labour Party,EU Integration,Support EU Integration,Gender,Female,No Scandal,Conservative Party,Support EU Integration,Female,Scandal,No Scandal,Party Affiliation,Liberal Democrats,EU Integration,Support EU Integration,Gender,Female,Sexual Harassment,Liberal Democrats,Neutral,Female
81.153.144.254,100,1672,TRUE,2018/6/19 04:32,R_pbcWDutA01mvp2V,,,,,51.88330078,0.899993896,anonymous,EN,4.877,22.679,23.951,14,I agree,1.833,24.77,24.797,5,3.057,16.617,453.292,8,487.388,495.669,496.652,5,Candidate 1,7.438,7.444,8.051,2,Candidate 2,Party Affiliation,Labour Party,Gender,Female,Scandal,Sexual Harassment,EU Integration,Support EU Integration,Conservative Party,Male,Plagiarism,Neutral,Party Affiliation,Labour Party,Gender,Male,Scandal,Plagiarism,EU Integration,Neutral,Labour Party,Male,Plagiarism,Oppose EU Integration
81.154.34.58,100,182,TRUE,2018/6/19 04:33,R_2CNR0w2haEkQeZg,,,,,51.88330078,0.899993896,anonymous,EN,6.734,16.549,17.667,5,I agree,0,0,2.982,0,7.77,22.859,28.373,5,1.789,45.543,46.545,5,Candidate 2,42.757,42.774,44.181,2,Candidate 2,EU Integration,Oppose EU Integration,Gender,Female,Scandal,Plagiarism,Party Affiliation,Liberal Democrats,Neutral,Female,Having an Extramarital Affair,Liberal Democrats,EU Integration,Support EU Integration,Gender,Male,Scandal,Misreporting Funds,Party Affiliation,Conservative Party,Support EU Integration,Female,Plagiarism,Conservative Party
82.71.32.36,100,106,TRUE,2018/6/19 04:38,R_1rIV3FslKquFKUM,,,,,50.8500061,0.566696167,anonymous,EN,26.642,26.642,27.834,1,I agree,0,0,7.14,0,0,0,29.94,0,17.37,17.37,18.438,1,Candidate 1,9.137,9.137,11.29,1,Candidate 1,EU Integration,Support EU Integration,Gender,Male,Party Affiliation,Liberal Democrats,Scandal,No Scandal,Neutral,Male,Conservative Party,Plagiarism,EU Integration,Oppose EU Integration,Gender,Female,Party Affiliation,Conservative Party,Scandal,Plagiarism,Support EU Integration,Male,Labour Party,Misreporting Funds
94.193.118.68,100,100,TRUE,2018/6/19 04:39,R_3lFkkIVFbIliAZr,,,,,52.08329773,1.166702271,anonymous,EN,23.919,25.7,26.412,3,I agree,3.845,3.845,6.717,1,10.816,25.466,26.779,3,13.176,13.213,22.253,2,Candidate 2,6.075,6.831,14.789,3,Candidate 1,EU Integration,Neutral,Gender,Male,Scandal,Plagiarism,Party Affiliation,Liberal Democrats,Neutral,Female,Plagiarism,Labour Party,EU Integration,Support EU Integration,Gender,Female,Scandal,Having an Extramarital Affair,Party Affiliation,Liberal Democrats,Support EU Integration,Female,Sexual Harassment,Conservative Party
86.14.187.92,100,69,TRUE,2018/6/19 04:49,R_qD9VP17xfQ2yo4V,,,,,51.90859985,0.920898438,anonymous,EN,1.097,11.141,12.059,6,I agree,0,0,1.756,0,9.232,13.474,15.701,2,0.454,14.735,15.97,3,Candidate 1,9.168,9.173,10.18,2,Candidate 2,Gender,Male,Scandal,Misreporting Funds,EU Integration,Oppose EU Integration,Party Affiliation,Liberal Democrats,Male,Sexual Harassment,Neutral,Conservative Party,Gender,Female,Scandal,Misreporting Funds,EU Integration,Neutral,Party Affiliation,Labour Party,Male,Plagiarism,Neutral,Labour Party
86.30.73.93,100,93,TRUE,2018/6/19 04:49,R_2Yba9qxLDxNDJxl,,,,,51.88330078,0.899993896,anonymous,EN,11.278,22.708,24.306,4,I agree,0,0,7.184,0,23.686,23.686,27.829,1,12.037,13.078,14.279,2,Candidate 1,10.6,10.6,13.392,1,Candidate 1,Party Affiliation,Conservative Party,EU Integration,Neutral,Scandal,Having an Extramarital Affair,Gender,Male,Liberal Democrats,Neutral,Sexual Harassment,Male,Party Affiliation,Liberal Democrats,EU Integration,Neutral,Scandal,No Scandal,Gender,Male,Liberal Democrats,Support EU Integration,Sexual Harassment,Male
151.224.218.189,100,133,TRUE,2018/6/19 04:51,R_2YbkgGo2HjwOhU2,,,,,52.08329773,1.166702271,anonymous,EN,37.044,37.044,39.966,1,I agree,13.796,16.744,17.214,2,0,0,53.665,0,8.851,8.851,12.255,1,Candidate 2,8.172,8.686,10.304,2,Candidate 2,Gender,Female,Party Affiliation,Labour Party,EU Integration,Support EU Integration,Scandal,Sexual Harassment,Male,Conservative Party,Support EU Integration,Misreporting Funds,Gender,Female,Party Affiliation,Conservative Party,EU Integration,Oppose EU Integration,Scandal,Sexual Harassment,Female,Conservative Party,Neutral,Misreporting Funds
85.255.237.90,100,45,TRUE,2018/6/19 04:52,R_3JegKzCU8JCxPod,,,,,51.51420593,-0.093093872,anonymous,EN,1.878,3.631,4.283,5,I agree,0,0,0.475,0,3.036,12.609,13.974,3,1.02,10.041,10.806,4,Candidate 2,1.2,8.579,9.107,3,Candidate 1,EU Integration,Support EU Integration,Scandal,Sexual Harassment,Gender,Female,Party Affiliation,Liberal Democrats,Support EU Integration,No Scandal,Female,Liberal Democrats,EU Integration,Support EU Integration,Scandal,Having an Extramarital Affair,Gender,Male,Party Affiliation,Labour Party,Oppose EU Integration,Plagiarism,Female,Conservative Party
86.1.184.96,100,108,TRUE,2018/6/19 05:07,R_0qEGp4JJiNQkWFb,,,,,51.88330078,0.899993896,anonymous,EN,21.612,36.802,37.93,11,I agree,0,0,16.64,0,13.079,19.897,22.2,6,2.558,11.886,12.846,3,Candidate 2,8.46,8.465,10.679,2,Candidate 1,EU Integration,Neutral,Party Affiliation,Conservative Party,Gender,Male,Scandal,Sexual Harassment,Oppose EU Integration,Conservative Party,Female,Plagiarism,EU Integration,Support EU Integration,Party Affiliation,Liberal Democrats,Gender,Female,Scandal,No Scandal,Support EU Integration,Labour Party,Female,Plagiarism
94.197.120.183,100,63,TRUE,2018/6/19 05:08,R_27P6PhG1s34q5RQ,,,,,51.51420593,-0.093093872,anonymous,EN,3.296,5.667,6.613,4,I agree,0,0,4.149,0,11.533,13.609,14.461,2,6.089,14.019,21.942,9,Candidate 1,5.106,8.736,9.515,4,Candidate 1,Party Affiliation,Labour Party,EU Integration,Oppose EU Integration,Gender,Female,Scandal,Having an Extramarital Affair,Labour Party,Support EU Integration,Male,No Scandal,Party Affiliation,Conservative Party,EU Integration,Neutral,Gender,Male,Scandal,Having an Extramarital Affair,Labour Party,Oppose EU Integration,Female,Sexual Harassment
176.251.88.148,100,96,TRUE,2018/6/19 05:09,R_22FZVkYsRNivnkq,,,,,51.88330078,0.899993896,anonymous,EN,2.139,28.596,29.429,19,I agree,5.839,5.847,16.544,2,5.182,14.369,23.998,5,1.054,7.619,9.754,3,Candidate 1,9.936,9.94,11.055,2,Candidate 1,Gender,Male,Scandal,No Scandal,EU Integration,Support EU Integration,Party Affiliation,Conservative Party,Female,Sexual Harassment,Oppose EU Integration,Labour Party,Gender,Female,Scandal,No Scandal,EU Integration,Support EU Integration,Party Affiliation,Liberal Democrats,Male,Plagiarism,Oppose EU Integration,Conservative Party
37.205.58.146,100,402,TRUE,2018/6/19 05:10,R_TpELdBVsayo1k1r,,,,,51.52839661,-0.114303589,anonymous,EN,8.812,27.405,28.454,9,I agree,23.012,28.215,28.414,2,3.763,45.767,53.062,13,8.573,10.399,13.641,5,Candidate 1,8.221,31.089,33.255,6,Candidate 2,Scandal,No Scandal,Gender,Male,Party Affiliation,Labour Party,EU Integration,Neutral,Having an Extramarital Affair,Female,Labour Party,Oppose EU Integration,Scandal,Plagiarism,Gender,Female,Party Affiliation,Labour Party,EU Integration,Support EU Integration,No Scandal,Male,Liberal Democrats,Neutral
213.205.251.30,100,118,TRUE,2018/6/19 05:12,R_1JXY5oT58spP3ng,,,,,51.55000305,0.166702271,anonymous,EN,8.749,25.833,26.911,8,I agree,5.314,15.056,30.548,3,5.76,22.216,23.08,5,11.777,18.222,18.864,4,Candidate 2,3.437,12.271,13.04,5,Candidate 1,Scandal,Plagiarism,EU Integration,Neutral,Gender,Female,Party Affiliation,Liberal Democrats,Having an Extramarital Affair,Neutral,Male,Liberal Democrats,Scandal,No Scandal,EU Integration,Oppose EU Integration,Gender,Male,Party Affiliation,Conservative Party,Misreporting Funds,Support EU Integration,Male,Labour Party
95.149.130.5,100,52,TRUE,2018/6/19 05:12,R_2EhgP6n6pbAnfju,,,,,51.90859985,0.920898438,anonymous,EN,6.826,9.24,9.985,4,I agree,0,0,1.671,0,10.629,14.79,16.68,3,9.757,9.773,10.723,2,Candidate 1,7.619,7.632,8.17,2,Candidate 2,Gender,Male,EU Integration,Neutral,Party Affiliation,Labour Party,Scandal,Having an Extramarital Affair,Female,Neutral,Liberal Democrats,Plagiarism,Gender,Male,EU Integration,Neutral,Party Affiliation,Labour Party,Scandal,Misreporting Funds,Female,Neutral,Conservative Party,Misreporting Funds
5.66.54.47,100,53,TRUE,2018/6/19 05:13,R_1OCz8XadbmmoZhh,,,,,52.08329773,1.166702271,anonymous,EN,1.157,5.634,8.182,5,I agree,0,0,7.254,0,9.324,15.979,21.932,3,6.772,7.484,8.26,3,Candidate 1,0.837,3.307,4.093,3,Candidate 2,Scandal,Having an Extramarital Affair,EU Integration,Support EU Integration,Gender,Male,Party Affiliation,Labour Party,Having an Extramarital Affair,Oppose EU Integration,Female,Labour Party,Scandal,Having an Extramarital Affair,EU Integration,Neutral,Gender,Female,Party Affiliation,Labour Party,No Scandal,Neutral,Male,Labour Party
155.245.43.5,100,60,TRUE,2018/6/19 05:17,R_22FFUM5HGmkkFHj,,,,,51.88330078,0.899993896,anonymous,EN,2.901,2.901,4.16,1,I agree,0,0,1.061,0,0,0,23.591,0,13.104,13.104,14.352,1,Candidate 1,11.118,11.118,12.225,1,Candidate 1,Party Affiliation,Liberal Democrats,Scandal,No Scandal,Gender,Male,EU Integration,Neutral,Conservative Party,Having an Extramarital Affair,Female,Support EU Integration,Party Affiliation,Conservative Party,Scandal,Plagiarism,Gender,Male,EU Integration,Support EU Integration,Labour Party,Misreporting Funds,Male,Neutral
82.153.105.239,100,97,TRUE,2018/6/19 05:18,R_2S8CqsTOVm7zOHw,,,,,51.49639893,-0.122406006,anonymous,EN,4.732,6.511,11.422,2,I agree,11.184,11.184,28.433,1,15.878,15.878,17.567,1,11.474,14.053,15.127,2,Candidate 1,18.488,21.424,22.353,2,Candidate 2,Gender,Male,EU Integration,Support EU Integration,Scandal,No Scandal,Party Affiliation,Labour Party,Female,Support EU Integration,Plagiarism,Conservative Party,Gender,Male,EU Integration,Oppose EU Integration,Scandal,Plagiarism,Party Affiliation,Labour Party,Female,Neutral,Plagiarism,Liberal Democrats
86.1.185.63,100,99,TRUE,2018/6/19 05:24,R_1E0ymQ0O8O0kKDq,,,,,51.88330078,0.899993896,anonymous,EN,2.626,18.636,19.754,11,I agree,0,0,7.216,0,24.108,31.346,37.074,3,8.74,8.748,9.562,2,Candidate 2,20.37,20.5,21.099,2,Candidate 1,Party Affiliation,Liberal Democrats,EU Integration,Oppose EU Integration,Gender,Female,Scandal,Sexual Harassment,Labour Party,Support EU Integration,Female,Sexual Harassment,Party Affiliation,Liberal Democrats,EU Integration,Support EU Integration,Gender,Female,Scandal,No Scandal,Labour Party,Support EU Integration,Male,No Scandal
155.245.46.34,100,141,TRUE,2018/6/19 05:26,R_1rpuBiLGRCHte9y,,,,,51.88330078,0.899993896,anonymous,EN,7.027,19.122,20.886,4,I agree,0,0,10.023,0,49.987,49.987,71.928,1,19.158,19.158,20.373,1,Candidate 1,15.363,15.363,17.021,1,Candidate 1,Scandal,Having an Extramarital Affair,Party Affiliation,Conservative Party,EU Integration,Neutral,Gender,Female,Misreporting Funds,Liberal Democrats,Oppose EU Integration,Female,Scandal,Misreporting Funds,Party Affiliation,Conservative Party,EU Integration,Support EU Integration,Gender,Female,Misreporting Funds,Liberal Democrats,Neutral,Female
82.26.186.122,100,77,TRUE,2018/6/19 05:27,R_3O6WVnTqvPSjeks,,,,,51.35209656,0.533706665,anonymous,EN,2.207,2.207,6.083,1,I agree,7.176,7.176,19.01,1,0,0,9.857,0,25.432,25.432,26.858,1,Candidate 1,9.721,9.721,11.91,1,Candidate 2,EU Integration,Oppose EU Integration,Scandal,Misreporting Funds,Gender,Male,Party Affiliation,Conservative Party,Support EU Integration,Plagiarism,Male,Liberal Democrats,EU Integration,Support EU Integration,Scandal,Sexual Harassment,Gender,Male,Party Affiliation,Conservative Party,Support EU Integration,Plagiarism,Female,Conservative Party
155.245.52.75,100,72,TRUE,2018/6/19 05:27,R_V2pMo9lcbY7h7xv,,,,,51.88330078,0.899993896,anonymous,EN,2.03,2.03,3.234,1,I agree,0,0,2.052,0,0,0,29.775,0,15.755,15.755,20.698,1,Candidate 2,10.962,10.962,12.036,1,Candidate 2,Scandal,Sexual Harassment,EU Integration,Neutral,Party Affiliation,Liberal Democrats,Gender,Female,No Scandal,Support EU Integration,Conservative Party,Female,Scandal,Sexual Harassment,EU Integration,Support EU Integration,Party Affiliation,Labour Party,Gender,Male,Having an Extramarital Affair,Support EU Integration,Conservative Party,Male
213.205.251.21,100,94,TRUE,2018/6/19 05:37,R_2wnxiHHCzMoOo5L,,,,,51.55000305,0.166702271,anonymous,EN,1.042,8.91,9.975,9,I agree,3.258,7.781,23.208,3,5.308,19.294,24.051,10,2.366,10.927,13.221,4,Candidate 1,2.332,9.851,12.197,3,Candidate 2,Party Affiliation,Liberal Democrats,EU Integration,Neutral,Scandal,No Scandal,Gender,Male,Labour Party,Support EU Integration,Misreporting Funds,Female,Party Affiliation,Conservative Party,EU Integration,Neutral,Scandal,Plagiarism,Gender,Male,Conservative Party,Oppose EU Integration,Misreporting Funds,Female
90.221.94.253,100,112,TRUE,2018/6/19 05:37,R_22JhEJfmo861BGY,,,,,52.08329773,1.166702271,anonymous,EN,10.194,23.87,25.081,7,I agree,10.591,10.618,32.37,2,11.583,16.805,19.583,2,19.593,20.964,22.371,3,Candidate 1,7.993,9.111,10.315,3,Candidate 2,EU Integration,Support EU Integration,Gender,Male,Party Affiliation,Conservative Party,Scandal,No Scandal,Neutral,Male,Liberal Democrats,Sexual Harassment,EU Integration,Oppose EU Integration,Gender,Female,Party Affiliation,Conservative Party,Scandal,No Scandal,Support EU Integration,Male,Liberal Democrats,Plagiarism
62.172.163.242,100,54,TRUE,2018/6/19 05:39,R_XLjuQcTsgo5l3YB,,,,,51.88330078,0.899993896,anonymous,EN,7.919,8.767,10.066,2,I agree,0,0,4.304,0,0,0,8.152,0,2.645,6.409,15.706,3,Candidate 2,11.376,11.376,12.444,1,Candidate 1,EU Integration,Neutral,Gender,Male,Party Affiliation,Conservative Party,Scandal,Sexual Harassment,Neutral,Male,Conservative Party,No Scandal,EU Integration,Neutral,Gender,Male,Party Affiliation,Labour Party,Scandal,No Scandal,Support EU Integration,Male,Conservative Party,Having an Extramarital Affair
88.96.54.126,100,46,TRUE,2018/6/19 05:41,R_3sjjVykzynsEl3G,,,,,51.88330078,0.899993896,anonymous,EN,6.322,7.3,8.504,2,I agree,0,0,0.947,0,0,0,6.235,0,3.448,3.448,17.146,1,Candidate 2,4.591,4.591,5.569,1,Candidate 2,EU Integration,Neutral,Gender,Male,Party Affiliation,Liberal Democrats,Scandal,Having an Extramarital Affair,Support EU Integration,Female,Conservative Party,Having an Extramarital Affair,EU Integration,Oppose EU Integration,Gender,Male,Party Affiliation,Labour Party,Scandal,Plagiarism,Neutral,Female,Labour Party,No Scandal
155.245.59.27,100,120,TRUE,2018/6/19 05:43,R_1lrAekSypIwwy9n,,,,,51.90859985,0.920898438,anonymous,EN,12.888,23.151,24.583,3,I agree,9.715,9.715,23.295,1,0,0,31.544,0,17.361,17.361,18.418,1,Candidate 1,12.491,12.491,23.363,1,Candidate 1,Gender,Female,EU Integration,Neutral,Party Affiliation,Conservative Party,Scandal,No Scandal,Female,Oppose EU Integration,Conservative Party,Having an Extramarital Affair,Gender,Male,EU Integration,Oppose EU Integration,Party Affiliation,Conservative Party,Scandal,Having an Extramarital Affair,Female,Neutral,Liberal Democrats,Misreporting Funds
155.245.98.61,100,1499,TRUE,2018/6/19 05:44,R_24NxQzQv5XKKdND,,,,,51.88279724,1.004592896,anonymous,EN,2.43,23.946,26.909,2,I agree,1065.635,1078.588,1099.032,2,225.371,368.852,384.076,4,12.365,12.365,13.922,1,Candidate 2,19.469,19.469,20.737,1,Candidate 1,EU Integration,Oppose EU Integration,Gender,Female,Party Affiliation,Labour Party,Scandal,No Scandal,Neutral,Male,Conservative Party,No Scandal,EU Integration,Support EU Integration,Gender,Female,Party Affiliation,Conservative Party,Scandal,Having an Extramarital Affair,Oppose EU Integration,Female,Liberal Democrats,Misreporting Funds
86.137.181.112,100,74,TRUE,2018/6/19 05:46,R_bvgSMdXbin2w40h,,,,,51.88330078,0.899993896,anonymous,EN,3.425,5.712,6.829,4,I agree,0,0,1.413,0,12.65,14.752,16.326,2,12.121,13.292,13.356,3,Candidate 2,29.024,31.683,31.744,5,Candidate 1,Gender,Female,Scandal,Misreporting Funds,Party Affiliation,Conservative Party,EU Integration,Support EU Integration,Male,Plagiarism,Labour Party,Support EU Integration,Gender,Female,Scandal,No Scandal,Party Affiliation,Labour Party,EU Integration,Oppose EU Integration,Female,Sexual Harassment,Conservative Party,Support EU Integration
86.1.188.221,100,78,TRUE,2018/6/19 05:46,R_YS0GEqFFsNTP68x,,,,,51.90859985,0.920898438,anonymous,EN,1.49,3.711,4.325,4,I agree,14.044,14.044,14.06,1,3.499,32.609,40.741,6,1.458,6.049,8.881,3,Candidate 1,5.722,5.725,7.341,2,Candidate 2,Scandal,Having an Extramarital Affair,Party Affiliation,Conservative Party,EU Integration,Neutral,Gender,Male,Misreporting Funds,Liberal Democrats,Neutral,Female,Scandal,Having an Extramarital Affair,Party Affiliation,Labour Party,EU Integration,Oppose EU Integration,Gender,Male,No Scandal,Conservative Party,Neutral,Female
155.245.97.161,100,119,TRUE,2018/6/19 05:46,R_3jTimX5tB5qh9A6,,,,,51.93649292,1.278305054,anonymous,EN,13.102,14.245,15.554,2,I agree,13.977,13.977,32.736,1,0,0,36.887,0,13.892,13.892,22.271,1,Candidate 1,8.856,8.856,13.95,1,Candidate 1,Scandal,Misreporting Funds,Party Affiliation,Labour Party,Gender,Male,EU Integration,Neutral,Misreporting Funds,Liberal Democrats,Male,Oppose EU Integration,Scandal,No Scandal,Party Affiliation,Liberal Democrats,Gender,Female,EU Integration,Support EU Integration,Sexual Harassment,Labour Party,Male,Support EU Integration
155.245.62.220,100,92,TRUE,2018/6/19 05:47,R_2Qof5JzluBGPAdc,,,,,51.88330078,0.899993896,anonymous,EN,1.97,1.97,3.665,1,I agree,0,0,18.565,0,0,0,32.52,0,16.128,16.128,18.372,1,Candidate 1,15.295,15.295,16.937,1,Candidate 1,Scandal,Having an Extramarital Affair,EU Integration,Neutral,Party Affiliation,Labour Party,Gender,Male,Sexual Harassment,Neutral,Liberal Democrats,Male,Scandal,Sexual Harassment,EU Integration,Support EU Integration,Party Affiliation,Conservative Party,Gender,Male,Having an Extramarital Affair,Neutral,Conservative Party,Female
82.132.233.8,100,119,TRUE,2018/6/19 05:47,R_baAdBjn9U5UVhXX,,,,,51.49639893,-0.122406006,anonymous,EN,2.59,28.783,30.507,13,I agree,3.435,3.435,8.345,1,3.552,26.633,29.706,5,4.381,14.918,16.412,4,Candidate 2,8.829,17.913,19.636,3,Candidate 2,Scandal,Misreporting Funds,Party Affiliation,Conservative Party,EU Integration,Neutral,Gender,Male,Having an Extramarital Affair,Labour Party,Neutral,Female,Scandal,Sexual Harassment,Party Affiliation,Conservative Party,EU Integration,Oppose EU Integration,Gender,Female,Misreporting Funds,Labour Party,Support EU Integration,Female
176.26.250.210,100,152,TRUE,2018/6/19 05:47,R_1oGwbuTaCtUEHKp,,,,,52.08329773,1.166702271,anonymous,EN,14.148,18.1,26.236,8,I agree,14.354,14.354,27.762,1,16.553,30.859,32.818,7,25.884,25.884,27.624,1,Candidate 2,23.985,23.985,25.776,1,Candidate 1,Scandal,Sexual Harassment,EU Integration,Oppose EU Integration,Gender,Female,Party Affiliation,Liberal Democrats,Sexual Harassment,Support EU Integration,Female,Liberal Democrats,Scandal,No Scandal,EU Integration,Support EU Integration,Gender,Male,Party Affiliation,Liberal Democrats,No Scandal,Neutral,Female,Liberal Democrats
155.245.60.141,100,76,TRUE,2018/6/19 05:48,R_3fwoceuYxvXw5ZM,,,,,51.88279724,1.004592896,anonymous,EN,13.013,13.013,13.607,1,I agree,6.616,6.616,21.068,1,0,0,20.426,0,8.521,8.521,9.585,1,Candidate 1,8.61,8.61,8.988,1,Candidate 2,Party Affiliation,Labour Party,Gender,Female,Scandal,No Scandal,EU Integration,Support EU Integration,Conservative Party,Female,Sexual Harassment,Support EU Integration,Party Affiliation,Conservative Party,Gender,Male,Scandal,Sexual Harassment,EU Integration,Support EU Integration,Labour Party,Male,Plagiarism,Neutral
2.27.191.252,100,172,TRUE,2018/6/19 05:52,R_1OMPGFhpElh9wwW,,,,,51.88330078,0.899993896,anonymous,EN,8.798,10.498,13.043,2,I agree,18.581,18.581,33.83,1,30.552,30.552,42.109,1,56.152,60.774,64.109,2,Candidate 1,11.687,14.65,15.77,2,Candidate 1,Gender,Female,Scandal,Plagiarism,Party Affiliation,Labour Party,EU Integration,Support EU Integration,Male,No Scandal,Liberal Democrats,Oppose EU Integration,Gender,Female,Scandal,No Scandal,Party Affiliation,Liberal Democrats,EU Integration,Neutral,Female,Misreporting Funds,Labour Party,Neutral
193.113.48.9,100,72,TRUE,2018/6/19 05:53,R_9ymD21uKmJPyHnz,,,,,51.56669617,-0.016693115,anonymous,EN,3.019,3.019,8.418,1,I agree,0,0,1.04,0,0,0,21.229,0,22.093,22.093,23.984,1,Candidate 1,7.35,7.35,12.981,1,Candidate 1,EU Integration,Oppose EU Integration,Scandal,Plagiarism,Party Affiliation,Conservative Party,Gender,Male,Support EU Integration,Plagiarism,Liberal Democrats,Female,EU Integration,Neutral,Scandal,Plagiarism,Party Affiliation,Conservative Party,Gender,Female,Oppose EU Integration,Having an Extramarital Affair,Liberal Democrats,Male
51.7.83.115,100,73,TRUE,2018/6/19 05:54,R_3fdXV12FzotDhtW,,,,,51.13330078,0.283294678,anonymous,EN,1.408,1.408,2.619,1,I agree,6.556,15.708,16.033,2,0,0,5.101,0,30.614,30.614,32.326,1,Candidate 1,10.867,10.867,12.444,1,Candidate 2,Scandal,Sexual Harassment,EU Integration,Neutral,Gender,Male,Party Affiliation,Conservative Party,Plagiarism,Oppose EU Integration,Female,Conservative Party,Scandal,Having an Extramarital Affair,EU Integration,Support EU Integration,Gender,Male,Party Affiliation,Conservative Party,No Scandal,Support EU Integration,Female,Liberal Democrats
131.111.84.203,100,100,TRUE,2018/6/19 05:55,R_bIccxRaYHD8IAQV,,,,,52.19999695,0.116699219,anonymous,EN,4.337,4.337,5.257,1,I agree,1.021,1.021,25.677,1,0,0,16.134,0,44.772,44.772,47.543,1,Candidate 1,5.289,5.289,6.86,1,Candidate 2,EU Integration,Oppose EU Integration,Scandal,No Scandal,Party Affiliation,Conservative Party,Gender,Male,Neutral,Plagiarism,Liberal Democrats,Female,EU Integration,Support EU Integration,Scandal,Sexual Harassment,Party Affiliation,Labour Party,Gender,Female,Support EU Integration,No Scandal,Conservative Party,Female
2.96.126.200,100,102,TRUE,2018/6/19 05:55,R_1EgjBar7Z7QHlgT,,,,,51.88330078,0.899993896,anonymous,EN,4.808,20.964,22.668,6,I agree,0,0,7.448,0,21.302,24.347,27.719,2,22.43,22.43,24.049,1,Candidate 1,13.154,13.154,14.593,1,Candidate 1,Scandal,Misreporting Funds,Party Affiliation,Labour Party,Gender,Male,EU Integration,Support EU Integration,No Scandal,Liberal Democrats,Male,Oppose EU Integration,Scandal,Plagiarism,Party Affiliation,Conservative Party,Gender,Female,EU Integration,Neutral,Misreporting Funds,Conservative Party,Male,Neutral
82.27.112.20,100,216,TRUE,2018/6/19 06:02,R_25yfrAJX0k0aWo4,,,,,51.88330078,0.899993896,anonymous,EN,5.877,46.227,47.622,11,I agree,6.868,8.53,32.935,3,14.497,43.018,43.856,4,20.754,41.398,42.383,5,Candidate 2,41.425,45.367,45.922,3,Candidate 1,Scandal,Misreporting Funds,Gender,Male,EU Integration,Oppose EU Integration,Party Affiliation,Liberal Democrats,Misreporting Funds,Female,Oppose EU Integration,Labour Party,Scandal,No Scandal,Gender,Male,EU Integration,Oppose EU Integration,Party Affiliation,Labour Party,Plagiarism,Male,Neutral,Conservative Party
155.245.90.104,100,152,TRUE,2018/6/19 06:02,R_QacgeC6UxNlg9yh,,,,,51.88330078,0.899993896,anonymous,EN,34.701,34.701,46.484,1,I agree,16.021,16.021,33.107,1,0,0,34.376,0,26.153,26.153,27.505,1,Candidate 1,8.229,8.229,9.48,1,Candidate 2,Gender,Female,Scandal,Sexual Harassment,EU Integration,Neutral,Party Affiliation,Liberal Democrats,Male,Plagiarism,Support EU Integration,Liberal Democrats,Gender,Female,Scandal,Plagiarism,EU Integration,Support EU Integration,Party Affiliation,Labour Party,Female,Sexual Harassment,Oppose EU Integration,Labour Party
146.200.33.46,100,46,TRUE,2018/6/19 06:02,R_2Cyb2rcD5OJjbX5,,,,,51.94999695,0.633300781,anonymous,EN,1.202,14.907,15.963,9,I agree,0,0,1.193,0,4.045,6.209,8.44,3,4.475,7.013,8.16,3,Candidate 2,2.297,5.613,7.077,3,Candidate 1,Gender,Male,Party Affiliation,Conservative Party,EU Integration,Neutral,Scandal,Sexual Harassment,Female,Conservative Party,Neutral,Misreporting Funds,Gender,Female,Party Affiliation,Liberal Democrats,EU Integration,Support EU Integration,Scandal,Having an Extramarital Affair,Female,Conservative Party,Neutral,Plagiarism
155.245.155.242,100,84,TRUE,2018/6/19 06:06,R_3G0Ws8NeVkFy00Z,,,,,51.90859985,0.920898438,anonymous,EN,2.265,10.313,11.159,8,I agree,1.084,1.084,2.208,1,6.354,26.41,33.78,4,6.063,17.367,18.224,4,Candidate 1,1.238,9.939,11.743,3,Candidate 1,Gender,Female,Party Affiliation,Liberal Democrats,EU Integration,Support EU Integration,Scandal,No Scandal,Male,Labour Party,Oppose EU Integration,Having an Extramarital Affair,Gender,Male,Party Affiliation,Liberal Democrats,EU Integration,Oppose EU Integration,Scandal,Plagiarism,Female,Conservative Party,Oppose EU Integration,Misreporting Funds
85.115.54.201,100,101,TRUE,2018/6/19 06:09,R_1JEKH7VTMWVWNu1,,,,,51.48910522,-0.110702515,anonymous,EN,10.304,10.304,11.569,1,I agree,0,0,2.854,0,0,0,49.661,0,20.485,20.485,21.523,1,Candidate 2,8.041,8.041,10.417,1,Candidate 1,Gender,Male,Scandal,Having an Extramarital Affair,Party Affiliation,Liberal Democrats,EU Integration,Support EU Integration,Male,Plagiarism,Labour Party,Support EU Integration,Gender,Female,Scandal,Misreporting Funds,Party Affiliation,Labour Party,EU Integration,Neutral,Male,Plagiarism,Conservative Party,Oppose EU Integration
90.200.133.108,100,165,TRUE,2018/6/19 06:13,R_1Cl4SVZC82kqhJa,,,,,50.8999939,-1.399993896,anonymous,EN,7.655,28.069,29.112,8,I agree,18.77,18.783,35.739,2,11.895,20.473,32.092,3,2.426,33.175,34.358,5,Candidate 1,27.607,29.986,30.558,4,Candidate 1,Scandal,No Scandal,Party Affiliation,Conservative Party,EU Integration,Oppose EU Integration,Gender,Male,Having an Extramarital Affair,Labour Party,Neutral,Female,Scandal,Misreporting Funds,Party Affiliation,Liberal Democrats,EU Integration,Support EU Integration,Gender,Male,Sexual Harassment,Labour Party,Oppose EU Integration,Male
2.96.125.239,100,123,TRUE,2018/6/19 06:15,R_XMSWiWArNrwtR4t,,,,,51.88330078,0.899993896,anonymous,EN,21.16,21.16,23.863,1,I agree,8.794,8.794,23.727,1,0,0,34.069,0,26.659,26.659,28.047,1,Candidate 1,11.353,11.353,14.305,1,Candidate 1,Scandal,Having an Extramarital Affair,EU Integration,Support EU Integration,Gender,Male,Party Affiliation,Conservative Party,Plagiarism,Oppose EU Integration,Female,Liberal Democrats,Scandal,Having an Extramarital Affair,EU Integration,Neutral,Gender,Female,Party Affiliation,Conservative Party,Sexual Harassment,Oppose EU Integration,Male,Conservative Party
188.223.61.86,100,144,TRUE,2018/6/19 06:16,R_Bt82iPAucDxM62t,,,,,51.43330383,-1,anonymous,EN,1.202,50.979,51.897,14,I agree,0,0,17.399,0,7.37,40.222,46.998,5,9.399,13.5,15.771,3,Candidate 1,1.09,7.082,8.274,4,Candidate 1,Scandal,Sexual Harassment,Gender,Female,EU Integration,Neutral,Party Affiliation,Conservative Party,Sexual Harassment,Female,Oppose EU Integration,Conservative Party,Scandal,No Scandal,Gender,Female,EU Integration,Oppose EU Integration,Party Affiliation,Conservative Party,Having an Extramarital Affair,Male,Oppose EU Integration,Conservative Party
86.11.248.91,100,53,TRUE,2018/6/19 06:22,R_DTPYi4FX5uCoU3D,,,,,51.90859985,0.920898438,anonymous,EN,1.112,3.338,3.366,5,I agree,0,0,0.604,0,3.939,7.481,10.265,3,4.405,5.454,8.423,3,Candidate 1,3.682,3.686,6.779,2,Candidate 1,EU Integration,Oppose EU Integration,Gender,Female,Scandal,Plagiarism,Party Affiliation,Labour Party,Oppose EU Integration,Female,Misreporting Funds,Labour Party,EU Integration,Oppose EU Integration,Gender,Male,Scandal,No Scandal,Party Affiliation,Labour Party,Oppose EU Integration,Male,No Scandal,Conservative Party
46.183.192.158,100,89,TRUE,2018/6/19 06:24,R_11ipMnoWhrQXy6N,,,,,51.88330078,0.899993896,anonymous,EN,2.711,4.615,5.723,3,I agree,0,0,5.073,0,7.285,24.292,38.159,4,5.084,21.345,22.877,3,Candidate 1,4.56,10.727,11.485,3,Candidate 1,Party Affiliation,Labour Party,Scandal,Having an Extramarital Affair,EU Integration,Oppose EU Integration,Gender,Male,Labour Party,Sexual Harassment,Oppose EU Integration,Female,Party Affiliation,Conservative Party,Scandal,Having an Extramarital Affair,EU Integration,Oppose EU Integration,Gender,Female,Conservative Party,Having an Extramarital Affair,Neutral,Male
94.197.120.217,100,93,TRUE,2018/6/19 06:25,R_Y5kuVidEVKSDYZ3,,,,,51.51420593,-0.093093872,anonymous,EN,0.778,1.711,2.339,3,I agree,15.379,15.392,38.347,2,5.265,20.405,27.813,4,15.696,15.703,16.657,2,Candidate 2,4.137,4.144,5.259,2,Candidate 1,Party Affiliation,Liberal Democrats,Scandal,Sexual Harassment,Gender,Male,EU Integration,Oppose EU Integration,Conservative Party,No Scandal,Female,Oppose EU Integration,Party Affiliation,Liberal Democrats,Scandal,Plagiarism,Gender,Male,EU Integration,Oppose EU Integration,Conservative Party,Sexual Harassment,Male,Support EU Integration
82.132.227.159,100,37,TRUE,2018/6/19 06:25,R_3LcI2kGBcVd7cpl,,,,,51.6000061,-0.066696167,anonymous,EN,1.667,11.384,12.222,9,I agree,0,0,1.184,0,2.956,2.956,5.309,1,7.635,7.657,8.374,2,Candidate 2,4.428,4.446,5.321,2,Candidate 2,Party Affiliation,Labour Party,Scandal,Sexual Harassment,EU Integration,Support EU Integration,Gender,Female,Labour Party,Having an Extramarital Affair,Neutral,Male,Party Affiliation,Labour Party,Scandal,Having an Extramarital Affair,EU Integration,Oppose EU Integration,Gender,Male,Labour Party,Plagiarism,Neutral,Male
90.219.104.118,100,144,TRUE,2018/6/19 06:25,R_3lVmNTmxAmPq1fP,,,,,52.08329773,1.166702271,anonymous,EN,9.444,11.939,13.256,3,I agree,0,0,2.16,0,14.639,19.249,30.881,2,29.941,29.969,42.849,2,Candidate 1,45.478,47.379,48.108,3,Candidate 1,Scandal,Misreporting Funds,EU Integration,Neutral,Gender,Male,Party Affiliation,Liberal Democrats,Misreporting Funds,Oppose EU Integration,Female,Labour Party,Scandal,Having an Extramarital Affair,EU Integration,Oppose EU Integration,Gender,Male,Party Affiliation,Conservative Party,Plagiarism,Oppose EU Integration,Female,Conservative Party
82.132.228.55,100,50,TRUE,2018/6/19 06:26,R_1FllLVnmhGPQ9fD,,,,,53.38330078,-2.600006104,anonymous,EN,9.455,13.769,15.888,4,I agree,0,0,3.16,0,2.999,4.259,7.121,2,1.412,14.115,15.163,3,Candidate 1,5.532,5.549,7.466,2,Candidate 2,EU Integration,Neutral,Gender,Female,Scandal,Plagiarism,Party Affiliation,Conservative Party,Neutral,Male,Having an Extramarital Affair,Liberal Democrats,EU Integration,Neutral,Gender,Male,Scandal,Plagiarism,Party Affiliation,Conservative Party,Support EU Integration,Male,No Scandal,Conservative Party
86.14.185.108,100,88,TRUE,2018/6/19 06:27,R_3GBRQ0wwcTt3Mxo,,,,,51.88330078,0.899993896,anonymous,EN,6.938,8.145,9.439,2,I agree,0,0,4.058,0,18.229,18.229,25.511,1,20.173,23.39,24.86,2,Candidate 1,19.314,22.336,23.968,2,Candidate 1,EU Integration,Support EU Integration,Party Affiliation,Labour Party,Scandal,Misreporting Funds,Gender,Male,Neutral,Liberal Democrats,Sexual Harassment,Female,EU Integration,Oppose EU Integration,Party Affiliation,Conservative Party,Scandal,Having an Extramarital Affair,Gender,Male,Neutral,Labour Party,Misreporting Funds,Male
155.245.29.160,100,101,TRUE,2018/6/19 06:28,R_3ExKyyjgWELKAtW,,,,,51.90859985,0.920898438,anonymous,EN,9.675,9.675,11.227,1,I agree,0,0,6.391,0,0,0,18.299,0,56.814,56.814,58.124,1,Candidate 1,5.278,5.278,6.703,1,Candidate 2,Gender,Female,Scandal,Plagiarism,EU Integration,Oppose EU Integration,Party Affiliation,Liberal Democrats,Female,Misreporting Funds,Support EU Integration,Labour Party,Gender,Female,Scandal,Plagiarism,EU Integration,Support EU Integration,Party Affiliation,Liberal Democrats,Female,Having an Extramarital Affair,Neutral,Liberal Democrats
151.230.144.27,100,202,TRUE,2018/6/19 06:28,R_1dLXijPexkAwyCZ,,,,,51.93649292,1.278305054,anonymous,EN,3.295,36.556,37.938,8,I agree,0,0,9.703,0,19.511,35.091,36.575,2,8.409,26.545,27.561,4,Candidate 2,77.774,86.035,86.994,3,Candidate 1,EU Integration,Support EU Integration,Gender,Male,Scandal,Having an Extramarital Affair,Party Affiliation,Liberal Democrats,Neutral,Female,Sexual Harassment,Labour Party,EU Integration,Support EU Integration,Gender,Male,Scandal,Having an Extramarital Affair,Party Affiliation,Labour Party,Oppose EU Integration,Male,Plagiarism,Liberal Democrats
155.245.62.107,100,732,TRUE,2018/6/19 06:30,R_1FmPoy2ijJZAhl0,,,,,51.88330078,0.899993896,anonymous,EN,11.417,11.417,13.464,1,I agree,7.792,7.792,700.873,1,0,0,29.612,0,34.362,34.362,35.684,1,Candidate 2,12.936,12.936,14.057,1,Candidate 1,Scandal,Misreporting Funds,EU Integration,Neutral,Gender,Male,Party Affiliation,Labour Party,Plagiarism,Support EU Integration,Female,Labour Party,Scandal,No Scandal,EU Integration,Support EU Integration,Gender,Female,Party Affiliation,Conservative Party,Misreporting Funds,Oppose EU Integration,Male,Liberal Democrats
86.11.250.124,100,79,TRUE,2018/6/19 06:33,R_RP5sgHDIws6CqSR,,,,,51.88330078,0.899993896,anonymous,EN,7.081,7.081,9.104,1,I agree,0,0,2.671,0,0,0,32.46,0,14.035,14.035,18.69,1,Candidate 1,10.333,10.333,12.075,1,Candidate 2,Gender,Female,EU Integration,Support EU Integration,Scandal,Having an Extramarital Affair,Party Affiliation,Conservative Party,Female,Support EU Integration,Misreporting Funds,Conservative Party,Gender,Male,EU Integration,Neutral,Scandal,No Scandal,Party Affiliation,Labour Party,Male,Support EU Integration,No Scandal,Conservative Party
165.225.80.131,100,179,TRUE,2018/6/19 06:35,R_3D7HTryZypJjkqA,,,,,51.49639893,-0.122406006,anonymous,EN,17.169,60.038,65.463,5,I agree,11.929,11.929,39.24,1,33.742,33.742,38.03,1,20.428,22.882,23.923,2,Candidate 1,12.304,15.361,16.384,2,Candidate 2,Gender,Male,Party Affiliation,Labour Party,Scandal,Misreporting Funds,EU Integration,Neutral,Male,Labour Party,Misreporting Funds,Oppose EU Integration,Gender,Male,Party Affiliation,Labour Party,Scandal,Plagiarism,EU Integration,Oppose EU Integration,Female,Conservative Party,Having an Extramarital Affair,Support EU Integration
82.132.240.107,100,146,TRUE,2018/6/19 06:35,R_3pa6pEK8csIgfcd,,,,,52.58329773,-2.133300781,anonymous,EN,4.166,24.855,25.918,11,I agree,7.27,7.295,33.032,2,8.215,12.563,16.196,3,0.172,45.138,48.787,6,Candidate 1,13.755,13.762,18.794,2,Candidate 1,Party Affiliation,Liberal Democrats,EU Integration,Neutral,Gender,Female,Scandal,Plagiarism,Labour Party,Oppose EU Integration,Female,Misreporting Funds,Party Affiliation,Liberal Democrats,EU Integration,Neutral,Gender,Male,Scandal,No Scandal,Liberal Democrats,Oppose EU Integration,Male,No Scandal
86.151.53.41,100,107,TRUE,2018/6/19 06:40,R_2Qtbp2Wiv8pj7DL,,,,,51.88330078,0.899993896,anonymous,EN,26.818,35.4,36.734,9,I agree,0,0,5.622,0,13.132,23.274,31.926,2,12.947,16.269,16.845,3,Candidate 2,7.664,9.136,9.956,3,Candidate 2,EU Integration,Oppose EU Integration,Scandal,Sexual Harassment,Gender,Female,Party Affiliation,Conservative Party,Neutral,No Scandal,Female,Conservative Party,EU Integration,Neutral,Scandal,Sexual Harassment,Gender,Female,Party Affiliation,Liberal Democrats,Neutral,Sexual Harassment,Female,Labour Party
78.150.209.230,100,39,TRUE,2018/6/19 06:40,R_3e1YZ0SxA1kJ0Pc,,,,,51.88330078,0.899993896,anonymous,EN,1.992,1.992,3.129,1,I agree,0,0,1.012,0,0,0,4.336,0,12.582,13.855,14.844,2,Candidate 2,10.095,11.137,12.114,2,Candidate 1,Gender,Male,Party Affiliation,Liberal Democrats,Scandal,Sexual Harassment,EU Integration,Support EU Integration,Female,Labour Party,No Scandal,Oppose EU Integration,Gender,Male,Party Affiliation,Conservative Party,Scandal,Having an Extramarital Affair,EU Integration,Support EU Integration,Female,Labour Party,No Scandal,Neutral
86.184.24.237,100,54,TRUE,2018/6/19 06:43,R_21ppiyMle39XGzj,,,,,52.07060242,0.761901855,anonymous,EN,2.942,2.942,3.954,1,I agree,1.18,1.18,2.095,1,12.202,17.928,19.378,5,9.513,9.513,11.222,1,Candidate 1,10.019,13.341,14.4,2,Candidate 2,Scandal,Having an Extramarital Affair,Gender,Female,EU Integration,Neutral,Party Affiliation,Conservative Party,Misreporting Funds,Female,Oppose EU Integration,Conservative Party,Scandal,No Scandal,Gender,Male,EU Integration,Neutral,Party Affiliation,Labour Party,Sexual Harassment,Female,Support EU Integration,Labour Party
2.122.222.204,100,254,TRUE,2018/6/19 06:43,R_2atWUjpWN9Xdp8s,,,,,51.88330078,0.899993896,anonymous,EN,9.594,22.968,24.251,7,I agree,18.951,19.099,37.845,2,82.763,100.634,106.6,4,18.549,18.727,19.989,2,Candidate 2,66.742,66.913,67.715,2,Candidate 2,EU Integration,Oppose EU Integration,Party Affiliation,Conservative Party,Scandal,Misreporting Funds,Gender,Female,Support EU Integration,Labour Party,Plagiarism,Male,EU Integration,Oppose EU Integration,Party Affiliation,Labour Party,Scandal,Misreporting Funds,Gender,Female,Neutral,Labour Party,Sexual Harassment,Female
81.106.114.114,100,68,TRUE,2018/6/19 06:49,R_3CKvdCRWZkF3bBH,,,,,51.75,-0.333297729,anonymous,EN,2.583,7.593,8.551,7,I agree,1.377,1.377,2.425,1,6.198,14.492,17.778,3,0.905,21.142,22.807,4,Candidate 2,1.143,11.609,12.557,6,Candidate 1,Scandal,Plagiarism,Party Affiliation,Labour Party,Gender,Male,EU Integration,Neutral,Sexual Harassment,Liberal Democrats,Female,Neutral,Scandal,Sexual Harassment,Party Affiliation,Conservative Party,Gender,Male,EU Integration,Oppose EU Integration,Plagiarism,Liberal Democrats,Male,Oppose EU Integration
92.40.249.241,100,106,TRUE,2018/6/19 06:50,R_2TMfKYDEi0hjMbj,,,,,51.51420593,-0.093093872,anonymous,EN,5.669,12.573,13.149,5,I agree,0,0,7.249,0,5.86,48.116,48.92,3,17.058,17.069,18.179,2,Candidate 2,9.78,14.273,14.937,8,Candidate 2,Party Affiliation,Liberal Democrats,EU Integration,Neutral,Gender,Male,Scandal,Having an Extramarital Affair,Liberal Democrats,Neutral,Male,Misreporting Funds,Party Affiliation,Conservative Party,EU Integration,Support EU Integration,Gender,Male,Scandal,No Scandal,Labour Party,Support EU Integration,Female,Sexual Harassment
146.198.242.96,100,61,TRUE,2018/6/19 06:51,R_32WaG6NN6tEuI86,,,,,51.88330078,0.899993896,anonymous,EN,3.675,14.035,14.59,7,I agree,0,0,0.601,0,3.97,13.943,21.717,3,9.68,9.85,11.664,2,Candidate 2,7.424,7.424,9.992,2,Candidate 2,EU Integration,Support EU Integration,Gender,Female,Scandal,Plagiarism,Party Affiliation,Conservative Party,Oppose EU Integration,Male,No Scandal,Conservative Party,EU Integration,Oppose EU Integration,Gender,Female,Scandal,Having an Extramarital Affair,Party Affiliation,Conservative Party,Neutral,Female,Having an Extramarital Affair,Labour Party
155.245.57.90,100,64,TRUE,2018/6/19 06:53,R_1pyDiklh5Rx6PQW,,,,,51.90859985,0.920898438,anonymous,EN,4.939,4.939,6.325,1,I agree,0,0,1.664,0,0,0,16.838,0,20.291,20.291,21.173,1,Candidate 2,14.939,14.939,15.937,1,Candidate 1,EU Integration,Oppose EU Integration,Gender,Female,Party Affiliation,Labour Party,Scandal,Misreporting Funds,Neutral,Female,Conservative Party,Misreporting Funds,EU Integration,Neutral,Gender,Male,Party Affiliation,Conservative Party,Scandal,Sexual Harassment,Oppose EU Integration,Male,Conservative Party,Sexual Harassment
80.189.49.226,100,71,TRUE,2018/6/19 06:54,R_UWPNpfWlYY2LOkp,,,,,51.26669312,1.083297729,anonymous,EN,3.157,12.127,13.272,10,I agree,2.618,2.618,2.703,1,6.551,16.417,19.716,6,8.319,16.934,17.829,4,Candidate 2,1.603,7.459,8.429,3,Candidate 2,Gender,Male,Scandal,Misreporting Funds,EU Integration,Support EU Integration,Party Affiliation,Conservative Party,Male,Having an Extramarital Affair,Support EU Integration,Conservative Party,Gender,Male,Scandal,Misreporting Funds,EU Integration,Support EU Integration,Party Affiliation,Labour Party,Female,No Scandal,Support EU Integration,Liberal Democrats
82.17.246.114,100,357,TRUE,2018/6/19 06:55,R_Pzh3GeuxmZiMHMl,,,,,51.88330078,0.899993896,anonymous,EN,5.744,19.214,20.771,9,I agree,0,0,228.053,0,9.148,21.123,23.861,5,7.762,9.372,10.278,3,Candidate 1,4.502,7.053,10.188,3,Candidate 1,Party Affiliation,Liberal Democrats,EU Integration,Oppose EU Integration,Scandal,Misreporting Funds,Gender,Male,Conservative Party,Oppose EU Integration,Sexual Harassment,Male,Party Affiliation,Labour Party,EU Integration,Support EU Integration,Scandal,Misreporting Funds,Gender,Female,Liberal Democrats,Neutral,Sexual Harassment,Male
86.151.53.16,100,97,TRUE,2018/6/19 06:55,R_2UXf9EuXXXC5jIe,,,,,51.88330078,0.899993896,anonymous,EN,9.388,9.388,11.527,1,I agree,10.213,10.213,22.229,1,0,0,31.124,0,15.18,15.18,16.403,1,Candidate 1,11.666,11.666,12.911,1,Candidate 1,EU Integration,Support EU Integration,Gender,Female,Party Affiliation,Liberal Democrats,Scandal,Having an Extramarital Affair,Oppose EU Integration,Female,Conservative Party,Plagiarism,EU Integration,Support EU Integration,Gender,Female,Party Affiliation,Liberal Democrats,Scandal,Sexual Harassment,Neutral,Male,Labour Party,Sexual Harassment
213.205.251.92,100,88,TRUE,2018/6/19 06:56,R_3r0r2Q8D41EEclb,,,,,51.55000305,0.166702271,anonymous,EN,3.339,24.698,25.785,12,I agree,1.568,1.568,2.741,1,2.636,16.724,22.062,8,1.107,13.108,13.876,5,Candidate 1,1.308,17.488,18.05,5,Candidate 1,EU Integration,Oppose EU Integration,Party Affiliation,Liberal Democrats,Scandal,Sexual Harassment,Gender,Male,Neutral,Labour Party,Misreporting Funds,Female,EU Integration,Neutral,Party Affiliation,Conservative Party,Scandal,Having an Extramarital Affair,Gender,Male,Support EU Integration,Conservative Party,Sexual Harassment,Male
80.2.20.104,100,88,TRUE,2018/6/19 06:58,R_vvOZvfqABX1hA5P,,,,,51.6302948,5.04E-04,anonymous,EN,1.309,4.014,4.722,6,I agree,1.478,15.694,16.147,5,16.73,25.215,32.126,4,8.019,24.066,29.027,3,Candidate 1,2.195,9.509,12.897,4,Candidate 2,Scandal,Having an Extramarital Affair,Gender,Male,EU Integration,Neutral,Party Affiliation,Conservative Party,No Scandal,Female,Support EU Integration,Conservative Party,Scandal,Misreporting Funds,Gender,Female,EU Integration,Support EU Integration,Party Affiliation,Liberal Democrats,No Scandal,Male,Neutral,Conservative Party
31.75.198.168,100,101,TRUE,2018/6/19 07:01,R_2xMdWv5v8hQQ1aS,,,,,51.51420593,-0.093093872,anonymous,EN,3.943,4.759,7.013,3,I agree,0,0,5.256,0,0,0,27.46,0,26.148,26.28,27.289,2,Candidate 1,18.159,18.159,26.091,2,Candidate 1,Party Affiliation,Liberal Democrats,Scandal,Sexual Harassment,Gender,Female,EU Integration,Support EU Integration,Labour Party,No Scandal,Male,Support EU Integration,Party Affiliation,Conservative Party,Scandal,Sexual Harassment,Gender,Male,EU Integration,Oppose EU Integration,Liberal Democrats,Having an Extramarital Affair,Female,Oppose EU Integration
155.245.59.41,100,86,TRUE,2018/6/19 07:02,R_3nvGR9n5Q1ff6H2,,,,,51.90859985,0.920898438,anonymous,EN,11.67,12.906,14.411,2,I agree,0,0,4.731,0,0,0,24.26,0,27.796,27.796,29.289,1,Candidate 1,12.364,12.364,13.772,1,Candidate 2,Party Affiliation,Conservative Party,Scandal,No Scandal,EU Integration,Neutral,Gender,Female,Labour Party,No Scandal,Oppose EU Integration,Male,Party Affiliation,Liberal Democrats,Scandal,Misreporting Funds,EU Integration,Neutral,Gender,Male,Liberal Democrats,Having an Extramarital Affair,Support EU Integration,Male
92.40.248.50,100,148,TRUE,2018/6/19 07:08,R_Tkr1pXU6qLZyIud,,,,,51.6000061,-0.066696167,anonymous,EN,2.188,14.99,16.169,7,I agree,15.793,15.807,53.791,2,21.18,28.318,34.211,2,8.986,24.913,26.139,3,Candidate 1,11.274,13.289,15.475,3,Candidate 1,Scandal,Having an Extramarital Affair,EU Integration,Oppose EU Integration,Party Affiliation,Conservative Party,Gender,Female,Sexual Harassment,Neutral,Labour Party,Male,Scandal,Having an Extramarital Affair,EU Integration,Oppose EU Integration,Party Affiliation,Conservative Party,Gender,Male,No Scandal,Support EU Integration,Liberal Democrats,Male
5.151.221.253,100,75,TRUE,2018/6/19 07:09,R_brRAFUbfKQhcsrT,,,,,51.88330078,0.899993896,anonymous,EN,0.725,2.245,2.826,4,I agree,1.283,1.289,11.089,2,0.76,16.051,26.556,6,1.852,18.135,22.104,5,Candidate 1,1.01,6.168,9.674,3,Candidate 1,Gender,Female,EU Integration,Support EU Integration,Party Affiliation,Labour Party,Scandal,Having an Extramarital Affair,Female,Oppose EU Integration,Labour Party,Sexual Harassment,Gender,Male,EU Integration,Support EU Integration,Party Affiliation,Liberal Democrats,Scandal,No Scandal,Male,Oppose EU Integration,Labour Party,Misreporting Funds
86.1.184.137,100,44,TRUE,2018/6/19 07:14,R_2v92pcoLP21dPWK,,,,,51.88330078,0.899993896,anonymous,EN,5.24,9.423,10.674,7,I agree,0,0,1.249,0,5.433,10.267,11.794,3,8.056,8.059,8.991,2,Candidate 2,4.479,4.484,5.376,2,Candidate 1,Scandal,Having an Extramarital Affair,Party Affiliation,Labour Party,Gender,Male,EU Integration,Neutral,Misreporting Funds,Labour Party,Female,Support EU Integration,Scandal,Misreporting Funds,Party Affiliation,Conservative Party,Gender,Female,EU Integration,Neutral,Sexual Harassment,Conservative Party,Male,Oppose EU Integration
90.255.21.138,100,107,TRUE,2018/6/19 07:15,R_322wPPJw0PoapAC,,,,,51.5,-0.116699219,anonymous,EN,5.588,7.841,33.066,2,I agree,0,0,2.853,0,0,0,38.204,0,17.66,17.66,19.048,1,Candidate 1,9.372,9.372,11.15,1,Candidate 1,Scandal,Plagiarism,Gender,Female,EU Integration,Neutral,Party Affiliation,Liberal Democrats,No Scandal,Male,Neutral,Labour Party,Scandal,No Scandal,Gender,Male,EU Integration,Neutral,Party Affiliation,Conservative Party,Plagiarism,Female,Neutral,Conservative Party
81.147.69.209,100,179,TRUE,2018/6/19 07:21,R_YYqxgYcWeydkhI5,,,,,51.88330078,0.899993896,anonymous,EN,12.89,25.416,27.148,5,I agree,12.038,18.87,56.882,7,5.482,35.369,35.416,3,19.209,19.217,20.756,2,Candidate 1,21.899,23.526,26.366,3,Candidate 2,Gender,Female,Scandal,Misreporting Funds,EU Integration,Neutral,Party Affiliation,Labour Party,Male,Plagiarism,Neutral,Conservative Party,Gender,Male,Scandal,Sexual Harassment,EU Integration,Neutral,Party Affiliation,Labour Party,Male,Having an Extramarital Affair,Support EU Integration,Labour Party
84.92.90.30,100,36,TRUE,2018/6/19 07:21,R_1gU9OWRfWg2PrCb,,,,,51.65719604,0.760803223,anonymous,EN,0.786,7.958,8.436,12,I agree,0,0,0.41,0,1.047,2.036,3.257,2,5.218,8.45,9.835,9,Candidate 2,7.395,9.898,10.349,7,Candidate 1,EU Integration,Support EU Integration,Scandal,Misreporting Funds,Party Affiliation,Liberal Democrats,Gender,Female,Support EU Integration,Having an Extramarital Affair,Conservative Party,Male,EU Integration,Support EU Integration,Scandal,Having an Extramarital Affair,Party Affiliation,Labour Party,Gender,Male,Oppose EU Integration,Sexual Harassment,Conservative Party,Female
86.14.185.252,100,139,TRUE,2018/6/19 07:23,R_re7M7ah7yDZ5hm1,,,,,51.88330078,0.899993896,anonymous,EN,2.432,14.213,15.409,12,I agree,0,0,9.478,0,12.789,61.597,62.545,10,2.455,34.255,34.302,5,Candidate 1,9.259,11.697,13.227,3,Candidate 2,Scandal,No Scandal,Party Affiliation,Labour Party,Gender,Female,EU Integration,Support EU Integration,Having an Extramarital Affair,Liberal Democrats,Female,Neutral,Scandal,No Scandal,Party Affiliation,Conservative Party,Gender,Female,EU Integration,Oppose EU Integration,No Scandal,Labour Party,Male,Neutral
147.147.162.56,100,166,TRUE,2018/6/19 07:24,R_3LaKfCm3mU3nDKZ,,,,,51.88330078,0.899993896,anonymous,EN,37.641,37.641,39.318,1,I agree,12.265,40.665,44.066,3,0,0,34.956,0,11.642,11.642,14.342,1,Candidate 1,29.116,29.116,30.865,1,Candidate 1,Scandal,No Scandal,Party Affiliation,Labour Party,Gender,Male,EU Integration,Neutral,Sexual Harassment,Liberal Democrats,Male,Neutral,Scandal,Having an Extramarital Affair,Party Affiliation,Liberal Democrats,Gender,Female,EU Integration,Neutral,No Scandal,Conservative Party,Female,Oppose EU Integration
82.132.218.185,100,68,TRUE,2018/6/19 07:32,R_1NaajwIHq2bwha2,,,,,51.51669312,-0.333297729,anonymous,EN,1.018,8.508,9.357,7,I agree,0,0,1.068,0,1.233,2.379,5.796,3,3.083,18.825,19.606,4,Candidate 2,4.003,13.21,14.694,3,Candidate 2,Party Affiliation,Conservative Party,Scandal,Sexual Harassment,EU Integration,Oppose EU Integration,Gender,Male,Liberal Democrats,Plagiarism,Oppose EU Integration,Male,Party Affiliation,Liberal Democrats,Scandal,Sexual Harassment,EU Integration,Neutral,Gender,Male,Liberal Democrats,Having an Extramarital Affair,Neutral,Male
86.161.54.232,100,121,TRUE,2018/6/19 07:45,R_ZCtiPmyo3Wi0l1L,,,,,51.88330078,0.899993896,anonymous,EN,15.842,16.712,18.017,3,I agree,11.737,13.28,21.163,2,34.139,34.139,38.011,1,21.987,22.381,24.024,3,Candidate 1,7.407,9.162,9.835,3,Candidate 2,Gender,Male,EU Integration,Oppose EU Integration,Scandal,No Scandal,Party Affiliation,Labour Party,Female,Neutral,Sexual Harassment,Labour Party,Gender,Female,EU Integration,Oppose EU Integration,Scandal,Having an Extramarital Affair,Party Affiliation,Conservative Party,Female,Neutral,No Scandal,Conservative Party
155.245.62.47,100,58,TRUE,2018/6/19 07:46,R_2ccSe3hY0FUFFBK,,,,,51.88330078,0.899993896,anonymous,EN,9.615,11.212,12.641,2,I agree,0,0,1.883,0,0,0,11.613,0,5.713,5.713,10.017,1,Candidate 1,19.263,19.263,20.257,1,Candidate 1,Party Affiliation,Labour Party,EU Integration,Neutral,Gender,Female,Scandal,No Scandal,Conservative Party,Neutral,Female,Plagiarism,Party Affiliation,Conservative Party,EU Integration,Neutral,Gender,Female,Scandal,Misreporting Funds,Conservative Party,Oppose EU Integration,Female,Plagiarism
155.245.69.102,100,80,TRUE,2018/6/19 07:55,R_pF5V31AO0RLFOr7,,,,,51.93649292,1.278305054,anonymous,EN,11.156,12.254,14.004,2,I agree,13.046,13.046,28.285,1,0,0,17.331,0,8.628,8.628,10.875,1,Candidate 1,7.095,7.095,9.702,1,Candidate 1,Party Affiliation,Labour Party,EU Integration,Support EU Integration,Scandal,Having an Extramarital Affair,Gender,Female,Labour Party,Neutral,Having an Extramarital Affair,Male,Party Affiliation,Liberal Democrats,EU Integration,Oppose EU Integration,Scandal,Misreporting Funds,Gender,Female,Labour Party,Oppose EU Integration,Misreporting Funds,Female
155.245.155.242,100,170,TRUE,2018/6/19 07:57,R_OvQcTAxEdbDfSff,,,,,51.90859985,0.920898438,anonymous,EN,1.726,12.523,13.925,7,I agree,1.384,10.566,35.849,4,3.44,33.592,41.085,7,4.712,29.702,30.642,3,Candidate 1,10.214,46.178,46.928,6,Candidate 2,Scandal,Sexual Harassment,Party Affiliation,Conservative Party,EU Integration,Neutral,Gender,Male,No Scandal,Liberal Democrats,Support EU Integration,Female,Scandal,Plagiarism,Party Affiliation,Labour Party,EU Integration,Neutral,Gender,Male,Sexual Harassment,Conservative Party,Oppose EU Integration,Female
81.135.1.48,100,117,TRUE,2018/6/19 07:58,R_1q4DIt04J21nD2d,,,,,51.89660645,-0.634506226,anonymous,EN,4.26,20.049,21.912,5,I agree,1.045,12.686,19.289,2,16.91,19.633,20.781,2,16.531,16.531,21.729,1,Candidate 1,27.13,27.13,29.257,1,Candidate 1,Gender,Male,EU Integration,Neutral,Party Affiliation,Labour Party,Scandal,Misreporting Funds,Male,Oppose EU Integration,Labour Party,Sexual Harassment,Gender,Male,EU Integration,Support EU Integration,Party Affiliation,Labour Party,Scandal,Misreporting Funds,Female,Oppose EU Integration,Liberal Democrats,Having an Extramarital Affair
86.135.29.157,100,161,TRUE,2018/6/19 07:58,R_1MMsSmN3ErGqg4z,,,,,51.88330078,0.899993896,anonymous,EN,39.758,42.441,46.247,3,I agree,19.429,19.442,37.476,2,37.337,37.337,39.13,1,18.731,18.739,20.583,2,Candidate 1,14.055,14.07,16.524,2,Candidate 1,Scandal,Misreporting Funds,Gender,Male,EU Integration,Support EU Integration,Party Affiliation,Labour Party,Plagiarism,Male,Neutral,Conservative Party,Scandal,No Scandal,Gender,Male,EU Integration,Neutral,Party Affiliation,Conservative Party,Having an Extramarital Affair,Male,Oppose EU Integration,Labour Party
213.205.251.27,100,56,TRUE,2018/6/19 07:59,R_3P4WlmFZJ0jEEqr,,,,,51.55000305,0.166702271,anonymous,EN,1.379,3.364,4.451,4,I agree,0,0,0.972,0,1.344,7.123,16.385,3,3.681,13.198,14.307,4,Candidate 1,9.945,9.95,10.805,2,Candidate 2,Gender,Female,Party Affiliation,Conservative Party,Scandal,Having an Extramarital Affair,EU Integration,Support EU Integration,Female,Labour Party,No Scandal,Support EU Integration,Gender,Female,Party Affiliation,Labour Party,Scandal,No Scandal,EU Integration,Support EU Integration,Male,Liberal Democrats,Sexual Harassment,Support EU Integration
86.11.249.25,100,45,TRUE,2018/6/19 08:01,R_2D0SDRCDWuQ0b4Q,,,,,51.88330078,0.899993896,anonymous,EN,2.287,8.796,9.611,7,I agree,1.478,1.478,2.354,1,0.866,9.759,10.315,3,3.466,13.061,13.109,5,Candidate 1,2.522,3.271,5.149,3,Candidate 2,Scandal,No Scandal,EU Integration,Oppose EU Integration,Gender,Female,Party Affiliation,Labour Party,Sexual Harassment,Oppose EU Integration,Female,Conservative Party,Scandal,Having an Extramarital Affair,EU Integration,Oppose EU Integration,Gender,Female,Party Affiliation,Liberal Democrats,No Scandal,Support EU Integration,Male,Liberal Democrats
217.9.203.114,100,105,TRUE,2018/6/19 08:05,R_2AG9VEKgitRE3pF,,,,,53.16670227,-3.083297729,anonymous,EN,6.257,16.883,17.999,8,I agree,0,0,8.753,0,8.89,35.282,41.524,4,8.132,23.437,24.271,3,Candidate 2,7.113,7.12,7.95,2,Candidate 2,Scandal,Having an Extramarital Affair,Party Affiliation,Labour Party,EU Integration,Neutral,Gender,Female,Misreporting Funds,Liberal Democrats,Neutral,Female,Scandal,Sexual Harassment,Party Affiliation,Labour Party,EU Integration,Support EU Integration,Gender,Male,Sexual Harassment,Liberal Democrats,Oppose EU Integration,Female
155.245.56.74,100,74,TRUE,2018/6/19 08:08,R_1etaKisQmjEu7I1,,,,,51.90859985,0.920898438,anonymous,EN,5.95,5.95,7.984,1,I agree,12.308,12.308,20.533,1,0,0,20.081,0,16.223,16.223,17.966,1,Candidate 1,6.422,6.422,8.627,1,Candidate 1,Gender,Female,Scandal,Misreporting Funds,Party Affiliation,Liberal Democrats,EU Integration,Neutral,Female,Misreporting Funds,Liberal Democrats,Oppose EU Integration,Gender,Female,Scandal,No Scandal,Party Affiliation,Labour Party,EU Integration,Support EU Integration,Female,Misreporting Funds,Labour Party,Oppose EU Integration
217.43.97.236,100,73,TRUE,2018/6/19 08:10,R_2EGCoZO64oGNzMg,,,,,51.73210144,-1.206298828,anonymous,EN,1.075,2.449,3.188,3,I agree,0,0,1.661,0,2.964,29.312,31.232,5,11.082,11.515,12.306,3,Candidate 2,14.927,18.637,19.564,9,Candidate 2,Gender,Female,EU Integration,Support EU Integration,Scandal,Misreporting Funds,Party Affiliation,Conservative Party,Female,Oppose EU Integration,No Scandal,Liberal Democrats,Gender,Female,EU Integration,Oppose EU Integration,Scandal,Plagiarism,Party Affiliation,Liberal Democrats,Female,Support EU Integration,Misreporting Funds,Liberal Democrats
82.145.55.37,100,96,TRUE,2018/6/19 08:15,R_3FUmoOcV5zqH8vP,,,,,51.49639893,-0.122406006,anonymous,EN,18.114,19.964,20.81,3,I agree,0,0,2.171,0,0.772,31.529,32.108,5,2.174,13.478,14.339,3,Candidate 2,20.893,20.904,22.509,2,Candidate 1,Scandal,Having an Extramarital Affair,Party Affiliation,Labour Party,EU Integration,Oppose EU Integration,Gender,Female,Having an Extramarital Affair,Labour Party,Neutral,Female,Scandal,Having an Extramarital Affair,Party Affiliation,Labour Party,EU Integration,Support EU Integration,Gender,Female,Misreporting Funds,Liberal Democrats,Neutral,Male
90.218.93.254,100,1952,TRUE,2018/6/19 08:23,R_tLgPxIXbdLPLhLz,,,,,52.08329773,1.166702271,anonymous,EN,6.538,1988.378,1995.44,7,I agree,17.155,17.155,50.33,1,15.497,19.898,29.051,3,16.031,33.683,37.141,4,Candidate 1,12.4,18.88,22.527,4,Candidate 2,Party Affiliation,Labour Party,EU Integration,Support EU Integration,Scandal,Having an Extramarital Affair,Gender,Female,Liberal Democrats,Oppose EU Integration,Misreporting Funds,Male,Party Affiliation,Liberal Democrats,EU Integration,Oppose EU Integration,Scandal,Sexual Harassment,Gender,Male,Liberal Democrats,Support EU Integration,No Scandal,Male
2.223.33.220,100,75,TRUE,2018/6/19 08:27,R_BXIHK3fWAac9rvX,,,,,52.08329773,1.166702271,anonymous,EN,3.847,13.499,14.375,8,I agree,0,0,2.286,0,13.221,23.584,23.646,4,12.083,14.471,14.848,3,Candidate 1,9.481,10.528,14.619,3,Candidate 2,Gender,Male,Party Affiliation,Conservative Party,EU Integration,Neutral,Scandal,No Scandal,Male,Conservative Party,Support EU Integration,Sexual Harassment,Gender,Male,Party Affiliation,Liberal Democrats,EU Integration,Neutral,Scandal,Sexual Harassment,Female,Liberal Democrats,Support EU Integration,Sexual Harassment
90.252.28.83,100,76,TRUE,2018/6/19 08:28,R_3PsLlAIgYDuqbnA,,,,,50.86669922,-1.016693115,anonymous,EN,7.165,12.321,18.702,3,I agree,0,0,4.227,0,0,0,22.111,0,16.425,16.425,18.965,1,Candidate 2,5.85,5.85,8.327,1,Candidate 1,Gender,Male,Party Affiliation,Conservative Party,Scandal,Plagiarism,EU Integration,Oppose EU Integration,Female,Conservative Party,Misreporting Funds,Neutral,Gender,Female,Party Affiliation,Labour Party,Scandal,Having an Extramarital Affair,EU Integration,Support EU Integration,Female,Conservative Party,No Scandal,Oppose EU Integration
81.147.65.14,100,56,TRUE,2018/6/19 08:28,R_r0cb1wlS2eVVM8F,,,,,51.90859985,0.920898438,anonymous,EN,5.227,5.831,15.845,2,I agree,0,0,1.394,0,,,,,,,,,,,,,,,,,,,,,,,,,,,,,,,,,,,,,,
86.154.46.108,100,141,TRUE,2018/6/19 08:56,R_D8pJBQaTXwabeeZ,,,,,51.88330078,0.899993896,anonymous,EN,4.843,4.855,4.865,2,-99,17.365,17.384,58.913,2,0,0,39.04,0,16.899,16.905,18.481,2,Candidate 2,16.165,16.278,18.559,2,Candidate 1,Gender,Male,EU Integration,Oppose EU Integration,Scandal,Having an Extramarital Affair,Party Affiliation,Liberal Democrats,Female,Neutral,No Scandal,Labour Party,Gender,Male,EU Integration,Neutral,Scandal,Having an Extramarital Affair,Party Affiliation,Conservative Party,Male,Oppose EU Integration,Misreporting Funds,Conservative Party
