,IPAddress,Progress,Duration..in.seconds.,Finished,RecordedDate,ResponseId,RecipientLastName,RecipientFirstName,RecipientEmail,ExternalReference,LocationLatitude,LocationLongitude,DistributionChannel,UserLanguage,Q1_First.Click,Q1_Last.Click,Q1_Page.Submit,Q1_Click.Count,Q2,Q3_First.Click,Q3_Last.Click,Q3_Page.Submit,Q3_Click.Count,Q4,F.1.1,F.1.1.1,F.1.2,F.1.1.2,F.1.3,F.1.1.3,F.1.4,F.1.1.4,F.1.5,F.1.1.5,F.1.6,F.1.1.6,F.1.7,F.1.1.7,F.1.2.1,F.1.2.2,F.1.2.3,F.1.2.4,F.1.2.5,F.1.2.6,F.1.2.7,F.2.1,F.2.1.1,F.2.2,F.2.1.2,F.2.3,F.2.1.3,F.2.4,F.2.1.4,F.2.5,F.2.1.5,F.2.6,F.2.1.6,F.2.7,F.2.1.7,F.2.2.1,F.2.2.2,F.2.2.3,F.2.2.4,F.2.2.5,F.2.2.6,F.2.2.7
197,155.245.29.130,100,157,TRUE,2018/6/19 03:24,R_OJXn6BQ7kpcf9eN,NA,NA,NA,NA,51.90859985,0.920898438,anonymous,EN,8.122,8.122,9.011,1,Minister 1,14.693,14.693,15.675,1,Minister 1,Gender,Female,PM's Position in EU Integration,Support EU Integration,Scandal,Misreporting Funds,PM's Scandal,Having an Extramarital Affair,Party Affiliation,Conservative Party,PM's Partisanship,Conservative Party,EU Integration,Neutral,Female,Oppose EU Integration,Sexual Harassment,Misreporting Funds,Conservative Party,Conservative Party,Neutral,Gender,Female,PM's Position in EU Integration,Oppose EU Integration,Scandal,Having an Extramarital Affair,PM's Scandal,Misreporting Funds,Party Affiliation,Conservative Party,PM's Partisanship,Conservative Party,EU Integration,Oppose EU Integration,Female,Support EU Integration,Misreporting Funds,Having an Extramarital Affair,Labour Party,Labour Party,Oppose EU Integration
198,217.68.254.137,100,67,TRUE,2018/6/19 03:36,R_3CPzspnzvgy5vLR,NA,NA,NA,NA,51.88330078,0.899993896,anonymous,EN,12.91,12.91,13.849,1,Minister 1,5.847,5.847,7.3,1,Minister 2,PM's Partisanship,Conservative Party,Gender,Female,Scandal,No Scandal,Party Affiliation,Liberal Democrats,PM's Position in EU Integration,Support EU Integration,PM's Scandal,Plagiarism,EU Integration,Neutral,Conservative Party,Male,Having an Extramarital Affair,Liberal Democrats,Support EU Integration,Having an Extramarital Affair,Neutral,PM's Partisanship,Conservative Party,Gender,Male,Scandal,Sexual Harassment,Party Affiliation,Conservative Party,PM's Position in EU Integration,Support EU Integration,PM's Scandal,No Scandal,EU Integration,Neutral,Conservative Party,Female,Misreporting Funds,Liberal Democrats,Neutral,Having an Extramarital Affair,Support EU Integration
199,82.27.112.61,100,63,TRUE,2018/6/19 03:48,R_2CPmWPGiXcHgkUB,NA,NA,NA,NA,51.88330078,0.899993896,anonymous,EN,0.649,1.719,5.77,3,Minister 1,0.754,5.54,7.089,6,Minister 1,Gender,Male,Party Affiliation,Liberal Democrats,PM's Position in EU Integration,Neutral,Scandal,No Scandal,EU Integration,Neutral,PM's Partisanship,Conservative Party,PM's Scandal,No Scandal,Female,Liberal Democrats,Support EU Integration,No Scandal,Neutral,Conservative Party,Plagiarism,Gender,Female,Party Affiliation,Liberal Democrats,PM's Position in EU Integration,Neutral,Scandal,No Scandal,EU Integration,Oppose EU Integration,PM's Partisanship,Conservative Party,PM's Scandal,Plagiarism,Male,Labour Party,Support EU Integration,No Scandal,Support EU Integration,Labour Party,Sexual Harassment
200,155.245.58.127,100,73,TRUE,2018/6/19 03:54,R_3KIro2ebMATL6ey,NA,NA,NA,NA,51.88279724,1.004592896,anonymous,EN,8.27,8.27,9.366,1,Minister 2,14.641,14.641,15.81,1,Minister 2,PM's Position in EU Integration,Oppose EU Integration,PM's Partisanship,Conservative Party,Scandal,Having an Extramarital Affair,EU Integration,Neutral,PM's Scandal,Having an Extramarital Affair,Gender,Male,Party Affiliation,Conservative Party,Neutral,Conservative Party,Having an Extramarital Affair,Support EU Integration,Sexual Harassment,Male,Conservative Party,PM's Position in EU Integration,Oppose EU Integration,PM's Partisanship,Conservative Party,Scandal,Having an Extramarital Affair,EU Integration,Neutral,PM's Scandal,No Scandal,Gender,Female,Party Affiliation,Conservative Party,Support EU Integration,Labour Party,Plagiarism,Oppose EU Integration,Having an Extramarital Affair,Male,Labour Party
201,86.147.203.180,100,115,TRUE,2018/6/19 04:00,R_sBwByKchouwto8V,NA,NA,NA,NA,51.88330078,0.566696167,anonymous,EN,3.665,30.347,31.441,8,Minister 1,1.099,13.048,13.935,6,Minister 1,PM's Scandal,Sexual Harassment,Gender,Male,EU Integration,Neutral,PM's Position in EU Integration,Support EU Integration,Party Affiliation,Liberal Democrats,PM's Partisanship,Conservative Party,Scandal,No Scandal,No Scandal,Female,Neutral,Neutral,Labour Party,Labour Party,No Scandal,PM's Scandal,No Scandal,Gender,Male,EU Integration,Neutral,PM's Position in EU Integration,Neutral,Party Affiliation,Labour Party,PM's Partisanship,Labour Party,Scandal,Sexual Harassment,Plagiarism,Female,Support EU Integration,Oppose EU Integration,Liberal Democrats,Conservative Party,Plagiarism
202,82.132.227.74,100,208,TRUE,2018/6/19 04:01,R_vxy7IdeiiN0DqjT,NA,NA,NA,NA,51.6000061,-0.066696167,anonymous,EN,24.649,35.335,44.912,4,Minister 2,25.111,54.079,54.662,5,Minister 2,PM's Partisanship,Conservative Party,Gender,Male,PM's Scandal,No Scandal,PM's Position in EU Integration,Oppose EU Integration,Party Affiliation,Liberal Democrats,Scandal,Plagiarism,EU Integration,Support EU Integration,Labour Party,Male,Sexual Harassment,Oppose EU Integration,Labour Party,Having an Extramarital Affair,Oppose EU Integration,PM's Partisanship,Labour Party,Gender,Male,PM's Scandal,Plagiarism,PM's Position in EU Integration,Support EU Integration,Party Affiliation,Labour Party,Scandal,No Scandal,EU Integration,Support EU Integration,Conservative Party,Male,Misreporting Funds,Support EU Integration,Liberal Democrats,Plagiarism,Support EU Integration
203,77.111.247.72,100,74,TRUE,2018/6/19 04:03,R_3MfDW8S2tHkoRWZ,NA,NA,NA,NA,47,8,anonymous,EN,5.499,5.499,6.422,1,Minister 1,9.017,9.017,9.822,1,Minister 2,EU Integration,Support EU Integration,PM's Position in EU Integration,Support EU Integration,Gender,Male,PM's Partisanship,Labour Party,Party Affiliation,Labour Party,PM's Scandal,Sexual Harassment,Scandal,Misreporting Funds,Oppose EU Integration,Support EU Integration,Male,Conservative Party,Conservative Party,Sexual Harassment,Having an Extramarital Affair,EU Integration,Support EU Integration,PM's Position in EU Integration,Support EU Integration,Gender,Female,PM's Partisanship,Conservative Party,Party Affiliation,Liberal Democrats,PM's Scandal,Having an Extramarital Affair,Scandal,Sexual Harassment,Oppose EU Integration,Neutral,Male,Conservative Party,Conservative Party,Plagiarism,Having an Extramarital Affair
204,86.132.231.179,100,132,TRUE,2018/6/19 04:05,R_1LFh3jGAKZh9h64,NA,NA,NA,NA,50.8500061,0.566696167,anonymous,EN,2.839,15.666,17.396,2,Minister 1,20.783,24.677,26.068,4,Minister 1,Scandal,Plagiarism,PM's Scandal,Misreporting Funds,Party Affiliation,Conservative Party,EU Integration,Support EU Integration,PM's Partisanship,Conservative Party,Gender,Female,PM's Position in EU Integration,Support EU Integration,No Scandal,Sexual Harassment,Labour Party,Neutral,Labour Party,Female,Oppose EU Integration,Scandal,No Scandal,PM's Scandal,Plagiarism,Party Affiliation,Liberal Democrats,EU Integration,Oppose EU Integration,PM's Partisanship,Conservative Party,Gender,Female,PM's Position in EU Integration,Oppose EU Integration,Having an Extramarital Affair,Plagiarism,Conservative Party,Support EU Integration,Conservative Party,Female,Neutral
205,86.167.232.130,100,103,TRUE,2018/6/19 04:09,R_2flpAKZTKY77G6R,NA,NA,NA,NA,51.88330078,0.899993896,anonymous,EN,2.388,18.019,20.858,5,Minister 2,4.399,19.834,20.872,8,Minister 2,PM's Scandal,Misreporting Funds,Scandal,Plagiarism,EU Integration,Neutral,Party Affiliation,Conservative Party,PM's Partisanship,Conservative Party,Gender,Male,PM's Position in EU Integration,Oppose EU Integration,Misreporting Funds,No Scandal,Oppose EU Integration,Liberal Democrats,Conservative Party,Male,Neutral,PM's Scandal,Having an Extramarital Affair,Scandal,Plagiarism,EU Integration,Support EU Integration,Party Affiliation,Liberal Democrats,PM's Partisanship,Conservative Party,Gender,Male,PM's Position in EU Integration,Oppose EU Integration,Plagiarism,No Scandal,Support EU Integration,Liberal Democrats,Conservative Party,Male,Support EU Integration
206,86.30.98.84,100,125,TRUE,2018/6/19 04:13,R_2tr76eNh9dU9VWR,NA,NA,NA,NA,51.90859985,0.920898438,anonymous,EN,2.799,15.767,16.248,6,Minister 2,2.474,37.427,38.416,9,Minister 1,PM's Partisanship,Conservative Party,Scandal,Misreporting Funds,Party Affiliation,Liberal Democrats,PM's Scandal,Plagiarism,Gender,Male,PM's Position in EU Integration,Oppose EU Integration,EU Integration,Neutral,Labour Party,Misreporting Funds,Labour Party,Plagiarism,Female,Oppose EU Integration,Support EU Integration,PM's Partisanship,Labour Party,Scandal,No Scandal,Party Affiliation,Labour Party,PM's Scandal,Sexual Harassment,Gender,Male,PM's Position in EU Integration,Oppose EU Integration,EU Integration,Support EU Integration,Conservative Party,Having an Extramarital Affair,Liberal Democrats,No Scandal,Male,Support EU Integration,Oppose EU Integration
207,86.148.156.140,100,99,TRUE,2018/6/19 04:13,R_29hMZ0K3z6p2HmG,NA,NA,NA,NA,51.88330078,0.366699219,anonymous,EN,13.918,13.918,15.36,1,Minister 2,13.925,13.925,15.242,1,Minister 2,Party Affiliation,Labour Party,PM's Scandal,Having an Extramarital Affair,EU Integration,Support EU Integration,PM's Partisanship,Labour Party,Gender,Male,PM's Position in EU Integration,Oppose EU Integration,Scandal,Plagiarism,Conservative Party,Misreporting Funds,Support EU Integration,Conservative Party,Male,Neutral,Sexual Harassment,Party Affiliation,Conservative Party,PM's Scandal,Sexual Harassment,EU Integration,Support EU Integration,PM's Partisanship,Conservative Party,Gender,Male,PM's Position in EU Integration,Neutral,Scandal,Sexual Harassment,Liberal Democrats,Sexual Harassment,Neutral,Conservative Party,Female,Oppose EU Integration,Sexual Harassment
208,31.221.65.146,100,137,TRUE,2018/6/19 04:16,R_1rNbSJXyibHiPdy,NA,NA,NA,NA,51.51420593,-0.093093872,anonymous,EN,1.312,27.142,29.283,6,Minister 1,4.421,15.332,16.01,4,Minister 2,Gender,Female,Party Affiliation,Conservative Party,PM's Position in EU Integration,Support EU Integration,Scandal,Plagiarism,PM's Partisanship,Conservative Party,EU Integration,Support EU Integration,PM's Scandal,No Scandal,Male,Conservative Party,Support EU Integration,Plagiarism,Conservative Party,Neutral,Misreporting Funds,Gender,Female,Party Affiliation,Conservative Party,PM's Position in EU Integration,Support EU Integration,Scandal,Misreporting Funds,PM's Partisanship,Conservative Party,EU Integration,Neutral,PM's Scandal,Sexual Harassment,Male,Labour Party,Oppose EU Integration,Having an Extramarital Affair,Labour Party,Support EU Integration,Sexual Harassment
209,81.109.254.163,100,201,TRUE,2018/6/19 04:17,R_ZfxZxUsWuPgYhEJ,NA,NA,NA,NA,51.3999939,0.050003052,anonymous,EN,1.32,16.094,16.737,4,Minister 2,1.673,8.821,10.945,4,Minister 1,PM's Scandal,Sexual Harassment,Scandal,No Scandal,PM's Position in EU Integration,Oppose EU Integration,PM's Partisanship,Labour Party,EU Integration,Support EU Integration,Party Affiliation,Labour Party,Gender,Female,No Scandal,Sexual Harassment,Support EU Integration,Labour Party,Oppose EU Integration,Labour Party,Male,PM's Scandal,No Scandal,Scandal,Having an Extramarital Affair,PM's Position in EU Integration,Support EU Integration,PM's Partisanship,Conservative Party,EU Integration,Support EU Integration,Party Affiliation,Conservative Party,Gender,Male,Plagiarism,Having an Extramarital Affair,Oppose EU Integration,Labour Party,Neutral,Labour Party,Female
210,5.151.215.96,100,56,TRUE,2018/6/19 04:23,R_1IQJIg2acM7R7tE,NA,NA,NA,NA,51.90859985,0.920898438,anonymous,EN,1.7,9.047,9.46,6,Minister 1,1.477,6.875,7.252,5,Minister 1,PM's Scandal,Having an Extramarital Affair,EU Integration,Oppose EU Integration,Party Affiliation,Labour Party,Scandal,Sexual Harassment,PM's Position in EU Integration,Neutral,PM's Partisanship,Labour Party,Gender,Male,No Scandal,Oppose EU Integration,Conservative Party,Sexual Harassment,Oppose EU Integration,Conservative Party,Male,PM's Scandal,Plagiarism,EU Integration,Support EU Integration,Party Affiliation,Labour Party,Scandal,Sexual Harassment,PM's Position in EU Integration,Oppose EU Integration,PM's Partisanship,Labour Party,Gender,Male,Having an Extramarital Affair,Oppose EU Integration,Liberal Democrats,No Scandal,Neutral,Conservative Party,Female
211,86.12.161.20,100,125,TRUE,2018/6/19 04:24,R_3jU8zCe30SXQ9dF,NA,NA,NA,NA,51.51420593,-0.093093872,anonymous,EN,9.649,72.118,73.036,8,Minister 2,11.358,11.358,12.889,1,Minister 1,Scandal,No Scandal,PM's Position in EU Integration,Oppose EU Integration,PM's Partisanship,Labour Party,Party Affiliation,Labour Party,PM's Scandal,Having an Extramarital Affair,EU Integration,Support EU Integration,Gender,Female,Misreporting Funds,Neutral,Labour Party,Labour Party,No Scandal,Support EU Integration,Female,Scandal,Having an Extramarital Affair,PM's Position in EU Integration,Neutral,PM's Partisanship,Conservative Party,Party Affiliation,Liberal Democrats,PM's Scandal,Misreporting Funds,EU Integration,Neutral,Gender,Female,Plagiarism,Oppose EU Integration,Labour Party,Labour Party,Having an Extramarital Affair,Support EU Integration,Female
212,86.1.190.190,100,161,TRUE,2018/6/19 04:32,R_1OlADL7phAKR956,NA,NA,NA,NA,51.90859985,0.920898438,anonymous,EN,3.727,32.19,35.526,3,Minister 1,6.539,19.785,21.607,2,Minister 2,PM's Position in EU Integration,Neutral,PM's Partisanship,Conservative Party,Scandal,No Scandal,PM's Scandal,Having an Extramarital Affair,Party Affiliation,Liberal Democrats,Gender,Male,EU Integration,Support EU Integration,Support EU Integration,Labour Party,Misreporting Funds,No Scandal,Labour Party,Female,Neutral,PM's Position in EU Integration,Neutral,PM's Partisanship,Conservative Party,Scandal,No Scandal,PM's Scandal,Misreporting Funds,Party Affiliation,Conservative Party,Gender,Female,EU Integration,Support EU Integration,Oppose EU Integration,Conservative Party,Having an Extramarital Affair,No Scandal,Conservative Party,Male,Neutral
213,86.1.186.170,100,77,TRUE,2018/6/19 04:36,R_290yWW4EQmXiTNx,NA,NA,NA,NA,51.88330078,0.899993896,anonymous,EN,1.113,5.821,7.389,8,Minister 2,1.001,10.557,12.161,6,Minister 1,PM's Partisanship,Conservative Party,PM's Position in EU Integration,Oppose EU Integration,PM's Scandal,Sexual Harassment,Party Affiliation,Liberal Democrats,Gender,Male,Scandal,Sexual Harassment,EU Integration,Oppose EU Integration,Labour Party,Neutral,Having an Extramarital Affair,Labour Party,Male,Having an Extramarital Affair,Neutral,PM's Partisanship,Labour Party,PM's Position in EU Integration,Neutral,PM's Scandal,Plagiarism,Party Affiliation,Labour Party,Gender,Male,Scandal,Misreporting Funds,EU Integration,Oppose EU Integration,Conservative Party,Oppose EU Integration,Misreporting Funds,Conservative Party,Male,Plagiarism,Support EU Integration
214,155.245.59.228,100,243,TRUE,2018/6/19 04:40,R_3PLzQ3GBgAoG0Ow,NA,NA,NA,NA,51.94999695,1.066696167,anonymous,EN,14.48,14.48,15.26,1,Minister 2,8.815,8.815,9.622,1,Minister 1,PM's Partisanship,Conservative Party,EU Integration,Oppose EU Integration,Gender,Male,Party Affiliation,Conservative Party,PM's Scandal,Having an Extramarital Affair,Scandal,Sexual Harassment,PM's Position in EU Integration,Neutral,Conservative Party,Support EU Integration,Female,Conservative Party,No Scandal,Misreporting Funds,Support EU Integration,PM's Partisanship,Conservative Party,EU Integration,Oppose EU Integration,Gender,Female,Party Affiliation,Liberal Democrats,PM's Scandal,Misreporting Funds,Scandal,No Scandal,PM's Position in EU Integration,Neutral,Labour Party,Oppose EU Integration,Male,Labour Party,Misreporting Funds,Sexual Harassment,Neutral
215,81.154.34.58,100,222,TRUE,2018/6/19 04:41,R_RkOB71VxgXZem6l,NA,NA,NA,NA,51.88330078,0.899993896,anonymous,EN,1.387,10.284,11.583,4,Minister 2,5.443,21.489,22.162,4,Minister 1,PM's Position in EU Integration,Neutral,Gender,Female,EU Integration,Support EU Integration,PM's Scandal,Having an Extramarital Affair,PM's Partisanship,Labour Party,Party Affiliation,Labour Party,Scandal,Misreporting Funds,Neutral,Male,Support EU Integration,No Scandal,Conservative Party,Conservative Party,Having an Extramarital Affair,PM's Position in EU Integration,Neutral,Gender,Male,EU Integration,Oppose EU Integration,PM's Scandal,Plagiarism,PM's Partisanship,Conservative Party,Party Affiliation,Conservative Party,Scandal,No Scandal,Oppose EU Integration,Female,Neutral,Misreporting Funds,Conservative Party,Conservative Party,No Scandal
216,82.71.32.36,100,94,TRUE,2018/6/19 04:43,R_31Sho68ZJQAsecV,NA,NA,NA,NA,50.8500061,0.566696167,anonymous,EN,7.071,7.071,8.273,1,Minister 1,7.885,8.78,9.133,2,Minister 1,PM's Scandal,Sexual Harassment,Gender,Male,PM's Position in EU Integration,Oppose EU Integration,PM's Partisanship,Conservative Party,Party Affiliation,Conservative Party,EU Integration,Neutral,Scandal,No Scandal,Plagiarism,Female,Oppose EU Integration,Conservative Party,Liberal Democrats,Neutral,Having an Extramarital Affair,PM's Scandal,Misreporting Funds,Gender,Female,PM's Position in EU Integration,Oppose EU Integration,PM's Partisanship,Labour Party,Party Affiliation,Labour Party,EU Integration,Neutral,Scandal,No Scandal,No Scandal,Female,Neutral,Labour Party,Labour Party,Oppose EU Integration,Misreporting Funds
217,94.193.118.68,100,81,TRUE,2018/6/19 04:44,R_3NUHqVBw9JsUFF9,NA,NA,NA,NA,52.08329773,1.166702271,anonymous,EN,10.859,15.251,15.781,6,Minister 2,5.41,11.378,12.133,7,Minister 1,PM's Scandal,Misreporting Funds,Scandal,Plagiarism,Party Affiliation,Labour Party,PM's Position in EU Integration,Neutral,EU Integration,Neutral,Gender,Female,PM's Partisanship,Labour Party,Sexual Harassment,No Scandal,Liberal Democrats,Support EU Integration,Oppose EU Integration,Female,Conservative Party,PM's Scandal,Misreporting Funds,Scandal,Plagiarism,Party Affiliation,Labour Party,PM's Position in EU Integration,Support EU Integration,EU Integration,Support EU Integration,Gender,Male,PM's Partisanship,Labour Party,Sexual Harassment,Sexual Harassment,Labour Party,Neutral,Support EU Integration,Female,Labour Party
218,86.14.187.92,100,96,TRUE,2018/6/19 04:53,R_28P50LMzOyyqdzP,NA,NA,NA,NA,51.90859985,0.920898438,anonymous,EN,0.726,4.588,5.54,5,Minister 2,0.615,6.668,7.518,3,Minister 1,Gender,Female,Party Affiliation,Liberal Democrats,Scandal,Sexual Harassment,PM's Scandal,Sexual Harassment,PM's Partisanship,Conservative Party,EU Integration,Neutral,PM's Position in EU Integration,Support EU Integration,Female,Liberal Democrats,No Scandal,Sexual Harassment,Conservative Party,Oppose EU Integration,Support EU Integration,Gender,Female,Party Affiliation,Labour Party,Scandal,No Scandal,PM's Scandal,Plagiarism,PM's Partisanship,Labour Party,EU Integration,Neutral,PM's Position in EU Integration,Neutral,Male,Labour Party,No Scandal,Plagiarism,Labour Party,Neutral,Support EU Integration
219,85.255.237.90,100,59,TRUE,2018/6/19 04:56,R_DhLxWJNlozNyqfT,NA,NA,NA,NA,51.51420593,-0.093093872,anonymous,EN,1.047,3.516,4.854,6,Minister 2,0.537,3.838,4.329,6,Minister 2,Scandal,Plagiarism,Party Affiliation,Labour Party,PM's Partisanship,Labour Party,PM's Position in EU Integration,Oppose EU Integration,PM's Scandal,Sexual Harassment,Gender,Female,EU Integration,Support EU Integration,No Scandal,Conservative Party,Conservative Party,Neutral,Having an Extramarital Affair,Female,Oppose EU Integration,Scandal,Misreporting Funds,Party Affiliation,Liberal Democrats,PM's Partisanship,Conservative Party,PM's Position in EU Integration,Oppose EU Integration,PM's Scandal,No Scandal,Gender,Male,EU Integration,Neutral,Misreporting Funds,Conservative Party,Conservative Party,Support EU Integration,Having an Extramarital Affair,Male,Neutral
220,86.30.73.93,100,125,TRUE,2018/6/19 04:58,R_CldibLbvZZrPEmR,NA,NA,NA,NA,51.88330078,0.899993896,anonymous,EN,17.746,18.823,20.484,2,Minister 1,23.315,24.512,26.031,2,Minister 1,PM's Position in EU Integration,Oppose EU Integration,PM's Partisanship,Conservative Party,Party Affiliation,Conservative Party,Scandal,Misreporting Funds,EU Integration,Oppose EU Integration,Gender,Female,PM's Scandal,Having an Extramarital Affair,Neutral,Conservative Party,Conservative Party,Misreporting Funds,Oppose EU Integration,Female,Sexual Harassment,PM's Position in EU Integration,Oppose EU Integration,PM's Partisanship,Conservative Party,Party Affiliation,Conservative Party,Scandal,Sexual Harassment,EU Integration,Support EU Integration,Gender,Female,PM's Scandal,Plagiarism,Support EU Integration,Conservative Party,Conservative Party,Having an Extramarital Affair,Oppose EU Integration,Female,No Scandal
221,151.224.218.189,100,112,TRUE,2018/6/19 04:59,R_1KdRP7IdZwEp74P,NA,NA,NA,NA,52.08329773,1.166702271,anonymous,EN,25.98,25.98,27.632,1,Minister 2,17.128,17.128,18.531,1,Minister 2,PM's Scandal,Sexual Harassment,EU Integration,Support EU Integration,Scandal,Having an Extramarital Affair,PM's Partisanship,Conservative Party,Party Affiliation,Conservative Party,PM's Position in EU Integration,Oppose EU Integration,Gender,Male,No Scandal,Support EU Integration,Having an Extramarital Affair,Labour Party,Labour Party,Neutral,Female,PM's Scandal,Misreporting Funds,EU Integration,Oppose EU Integration,Scandal,Plagiarism,PM's Partisanship,Labour Party,Party Affiliation,Labour Party,PM's Position in EU Integration,Support EU Integration,Gender,Female,Having an Extramarital Affair,Neutral,Having an Extramarital Affair,Conservative Party,Conservative Party,Support EU Integration,Female
222,94.197.120.183,100,103,TRUE,2018/6/19 05:12,R_1H8lQ3BhKMrVXIh,NA,NA,NA,NA,51.51420593,-0.093093872,anonymous,EN,2.41,7.16,7.809,6,Minister 1,0.832,3.128,3.68,6,Minister 2,Party Affiliation,Liberal Democrats,Gender,Female,PM's Partisanship,Conservative Party,EU Integration,Support EU Integration,Scandal,Sexual Harassment,PM's Scandal,Having an Extramarital Affair,PM's Position in EU Integration,Neutral,Labour Party,Female,Labour Party,Oppose EU Integration,Sexual Harassment,Having an Extramarital Affair,Neutral,Party Affiliation,Liberal Democrats,Gender,Female,PM's Partisanship,Conservative Party,EU Integration,Neutral,Scandal,Having an Extramarital Affair,PM's Scandal,Plagiarism,PM's Position in EU Integration,Oppose EU Integration,Conservative Party,Female,Conservative Party,Oppose EU Integration,Sexual Harassment,Misreporting Funds,Support EU Integration
223,176.251.88.148,100,75,TRUE,2018/6/19 05:14,R_Dx9HDO44UqH7YKl,NA,NA,NA,NA,51.88330078,0.899993896,anonymous,EN,1.066,6.904,7.538,4,Minister 2,1.248,6.539,8.455,5,Minister 2,EU Integration,Support EU Integration,PM's Partisanship,Conservative Party,Party Affiliation,Liberal Democrats,PM's Scandal,Misreporting Funds,Scandal,Plagiarism,PM's Position in EU Integration,Oppose EU Integration,Gender,Male,Oppose EU Integration,Conservative Party,Liberal Democrats,No Scandal,Misreporting Funds,Neutral,Male,EU Integration,Oppose EU Integration,PM's Partisanship,Labour Party,Party Affiliation,Labour Party,PM's Scandal,Misreporting Funds,Scandal,Plagiarism,PM's Position in EU Integration,Oppose EU Integration,Gender,Male,Support EU Integration,Conservative Party,Conservative Party,Plagiarism,Misreporting Funds,Support EU Integration,Male
224,86.1.184.96,100,105,TRUE,2018/6/19 05:14,R_Dq3jBP635ykjYpX,NA,NA,NA,NA,51.88330078,0.899993896,anonymous,EN,2.429,24.53,25.138,6,Minister 1,1.24,5.44,5.483,6,Minister 1,EU Integration,Oppose EU Integration,Party Affiliation,Liberal Democrats,PM's Partisanship,Conservative Party,PM's Scandal,Plagiarism,PM's Position in EU Integration,Support EU Integration,Scandal,Misreporting Funds,Gender,Female,Support EU Integration,Conservative Party,Conservative Party,No Scandal,Neutral,Having an Extramarital Affair,Male,EU Integration,Neutral,Party Affiliation,Labour Party,PM's Partisanship,Labour Party,PM's Scandal,Plagiarism,PM's Position in EU Integration,Neutral,Scandal,No Scandal,Gender,Female,Oppose EU Integration,Labour Party,Labour Party,Plagiarism,Oppose EU Integration,Having an Extramarital Affair,Male
225,5.66.54.47,100,52,TRUE,2018/6/19 05:17,R_1gMWNpeiwh0Btz0,NA,NA,NA,NA,52.08329773,1.166702271,anonymous,EN,0.886,4.112,6.548,5,Minister 2,0.414,5.774,7.636,4,Minister 1,EU Integration,Support EU Integration,Gender,Female,Scandal,Sexual Harassment,PM's Position in EU Integration,Neutral,Party Affiliation,Liberal Democrats,PM's Scandal,Plagiarism,PM's Partisanship,Conservative Party,Support EU Integration,Male,Having an Extramarital Affair,Neutral,Labour Party,Having an Extramarital Affair,Labour Party,EU Integration,Neutral,Gender,Female,Scandal,No Scandal,PM's Position in EU Integration,Support EU Integration,Party Affiliation,Liberal Democrats,PM's Scandal,Sexual Harassment,PM's Partisanship,Conservative Party,Oppose EU Integration,Male,Sexual Harassment,Support EU Integration,Labour Party,Sexual Harassment,Labour Party
226,95.149.130.5,100,75,TRUE,2018/6/19 05:18,R_1rO0ABXzN03F53E,NA,NA,NA,NA,51.90859985,0.920898438,anonymous,EN,7.505,8.253,9.012,3,Minister 1,6.554,7.01,7.665,3,Minister 1,PM's Partisanship,Labour Party,Party Affiliation,Labour Party,PM's Scandal,Having an Extramarital Affair,Gender,Female,EU Integration,Oppose EU Integration,PM's Position in EU Integration,Oppose EU Integration,Scandal,No Scandal,Labour Party,Labour Party,Having an Extramarital Affair,Male,Support EU Integration,Support EU Integration,Sexual Harassment,PM's Partisanship,Conservative Party,Party Affiliation,Liberal Democrats,PM's Scandal,Misreporting Funds,Gender,Male,EU Integration,Oppose EU Integration,PM's Position in EU Integration,Neutral,Scandal,No Scandal,Labour Party,Labour Party,Having an Extramarital Affair,Male,Neutral,Oppose EU Integration,Plagiarism
227,213.205.251.30,100,96,TRUE,2018/6/19 05:20,R_2uKvtmMxpRKnK9t,NA,NA,NA,NA,51.55000305,0.166702271,anonymous,EN,1.5,7.755,8.584,5,Minister 1,1.048,20.52,21.616,8,Minister 2,Scandal,Having an Extramarital Affair,Party Affiliation,Conservative Party,EU Integration,Neutral,PM's Partisanship,Conservative Party,Gender,Male,PM's Position in EU Integration,Support EU Integration,PM's Scandal,Plagiarism,Sexual Harassment,Liberal Democrats,Support EU Integration,Conservative Party,Female,Support EU Integration,Misreporting Funds,Scandal,Misreporting Funds,Party Affiliation,Conservative Party,EU Integration,Support EU Integration,PM's Partisanship,Conservative Party,Gender,Female,PM's Position in EU Integration,Support EU Integration,PM's Scandal,Sexual Harassment,Sexual Harassment,Conservative Party,Support EU Integration,Conservative Party,Female,Neutral,Having an Extramarital Affair
228,82.153.105.239,100,130,TRUE,2018/6/19 05:25,R_1jvonV5BDJ3TkDD,NA,NA,NA,NA,51.49639893,-0.122406006,anonymous,EN,5.063,19.929,20.826,3,Minister 1,7.881,26.973,28.152,3,Minister 1,PM's Partisanship,Conservative Party,PM's Scandal,Having an Extramarital Affair,Scandal,Plagiarism,Party Affiliation,Liberal Democrats,PM's Position in EU Integration,Neutral,EU Integration,Support EU Integration,Gender,Female,Labour Party,Plagiarism,Plagiarism,Labour Party,Neutral,Support EU Integration,Male,PM's Partisanship,Conservative Party,PM's Scandal,Having an Extramarital Affair,Scandal,No Scandal,Party Affiliation,Liberal Democrats,PM's Position in EU Integration,Oppose EU Integration,EU Integration,Support EU Integration,Gender,Male,Conservative Party,Plagiarism,Sexual Harassment,Conservative Party,Oppose EU Integration,Support EU Integration,Female
229,155.245.43.5,100,107,TRUE,2018/6/19 05:25,R_1llwqEoWw6MssZo,NA,NA,NA,NA,51.88330078,0.899993896,anonymous,EN,13.421,13.421,14.011,1,Minister 2,22.493,22.493,23.331,1,Minister 1,PM's Position in EU Integration,Oppose EU Integration,Party Affiliation,Conservative Party,Scandal,No Scandal,PM's Partisanship,Conservative Party,EU Integration,Neutral,PM's Scandal,Sexual Harassment,Gender,Female,Support EU Integration,Liberal Democrats,No Scandal,Conservative Party,Neutral,Sexual Harassment,Male,PM's Position in EU Integration,Neutral,Party Affiliation,Conservative Party,Scandal,Having an Extramarital Affair,PM's Partisanship,Conservative Party,EU Integration,Support EU Integration,PM's Scandal,Misreporting Funds,Gender,Male,Neutral,Liberal Democrats,No Scandal,Conservative Party,Oppose EU Integration,No Scandal,Male
230,86.1.185.63,100,93,TRUE,2018/6/19 05:31,R_1n9PscXyFELGp6o,NA,NA,NA,NA,51.88330078,0.899993896,anonymous,EN,7.829,9.337,10.287,3,Minister 2,6.949,8.476,9.228,3,Minister 2,PM's Position in EU Integration,Neutral,PM's Partisanship,Conservative Party,PM's Scandal,Plagiarism,EU Integration,Neutral,Party Affiliation,Conservative Party,Gender,Male,Scandal,Having an Extramarital Affair,Oppose EU Integration,Conservative Party,No Scandal,Neutral,Conservative Party,Female,No Scandal,PM's Position in EU Integration,Support EU Integration,PM's Partisanship,Conservative Party,PM's Scandal,Sexual Harassment,EU Integration,Support EU Integration,Party Affiliation,Conservative Party,Gender,Male,Scandal,No Scandal,Neutral,Conservative Party,Plagiarism,Support EU Integration,Liberal Democrats,Male,Plagiarism
231,82.26.186.122,100,86,TRUE,2018/6/19 05:31,R_3NCETeTh2VeMpg1,NA,NA,NA,NA,51.35209656,0.533706665,anonymous,EN,2.434,2.434,4.01,1,Minister 2,1.337,5.993,7.523,2,Minister 2,PM's Partisanship,Conservative Party,Scandal,Misreporting Funds,Party Affiliation,Liberal Democrats,PM's Scandal,Plagiarism,Gender,Female,EU Integration,Support EU Integration,PM's Position in EU Integration,Oppose EU Integration,Conservative Party,No Scandal,Liberal Democrats,Misreporting Funds,Female,Oppose EU Integration,Oppose EU Integration,PM's Partisanship,Labour Party,Scandal,Misreporting Funds,Party Affiliation,Labour Party,PM's Scandal,Plagiarism,Gender,Female,EU Integration,Oppose EU Integration,PM's Position in EU Integration,Neutral,Conservative Party,No Scandal,Conservative Party,Having an Extramarital Affair,Male,Neutral,Support EU Integration
232,155.245.52.75,100,120,TRUE,2018/6/19 05:34,R_ylLFws1YQXCsImZ,NA,NA,NA,NA,51.88330078,0.899993896,anonymous,EN,16.572,16.572,17.411,1,Minister 1,9.303,9.303,10.253,1,Minister 1,PM's Position in EU Integration,Support EU Integration,EU Integration,Neutral,Party Affiliation,Liberal Democrats,Scandal,Plagiarism,PM's Partisanship,Conservative Party,Gender,Female,PM's Scandal,Plagiarism,Neutral,Neutral,Liberal Democrats,Having an Extramarital Affair,Conservative Party,Male,Misreporting Funds,PM's Position in EU Integration,Oppose EU Integration,EU Integration,Oppose EU Integration,Party Affiliation,Labour Party,Scandal,Plagiarism,PM's Partisanship,Labour Party,Gender,Male,PM's Scandal,Plagiarism,Oppose EU Integration,Oppose EU Integration,Labour Party,Having an Extramarital Affair,Labour Party,Female,Misreporting Funds
233,213.205.251.21,100,94,TRUE,2018/6/19 05:43,R_2czpZ5ZFg9WOwS5,NA,NA,NA,NA,51.55000305,0.166702271,anonymous,EN,1.141,21.143,22.609,6,Minister 1,1.566,4.879,5.455,5,Minister 2,Gender,Male,PM's Partisanship,Conservative Party,PM's Position in EU Integration,Neutral,EU Integration,Neutral,PM's Scandal,Plagiarism,Scandal,Plagiarism,Party Affiliation,Liberal Democrats,Female,Conservative Party,Support EU Integration,Oppose EU Integration,Having an Extramarital Affair,Misreporting Funds,Liberal Democrats,Gender,Female,PM's Partisanship,Labour Party,PM's Position in EU Integration,Neutral,EU Integration,Support EU Integration,PM's Scandal,Having an Extramarital Affair,Scandal,Sexual Harassment,Party Affiliation,Labour Party,Female,Conservative Party,Oppose EU Integration,Neutral,Having an Extramarital Affair,Sexual Harassment,Conservative Party
234,62.172.163.242,100,93,TRUE,2018/6/19 05:44,R_Ultepinca7kNhfz,NA,NA,NA,NA,51.88330078,0.899993896,anonymous,EN,10.033,10.033,12.022,1,Minister 2,5.332,7.239,8.048,2,Minister 1,Scandal,Misreporting Funds,EU Integration,Support EU Integration,PM's Partisanship,Labour Party,PM's Scandal,Plagiarism,PM's Position in EU Integration,Oppose EU Integration,Gender,Male,Party Affiliation,Labour Party,Having an Extramarital Affair,Support EU Integration,Labour Party,No Scandal,Neutral,Male,Labour Party,Scandal,Plagiarism,EU Integration,Oppose EU Integration,PM's Partisanship,Conservative Party,PM's Scandal,No Scandal,PM's Position in EU Integration,Oppose EU Integration,Gender,Male,Party Affiliation,Conservative Party,Misreporting Funds,Neutral,Conservative Party,Sexual Harassment,Oppose EU Integration,Female,Liberal Democrats
235,88.96.54.126,100,70,TRUE,2018/6/19 05:44,R_Y0rjQrxwp4hlZ17,NA,NA,NA,NA,51.88330078,0.899993896,anonymous,EN,1.933,1.933,2.759,1,Minister 2,1.269,1.269,2.114,1,Minister 2,Party Affiliation,Liberal Democrats,Scandal,Sexual Harassment,PM's Position in EU Integration,Support EU Integration,PM's Scandal,Sexual Harassment,Gender,Female,EU Integration,Support EU Integration,PM's Partisanship,Conservative Party,Conservative Party,No Scandal,Support EU Integration,Plagiarism,Female,Neutral,Conservative Party,Party Affiliation,Liberal Democrats,Scandal,No Scandal,PM's Position in EU Integration,Oppose EU Integration,PM's Scandal,No Scandal,Gender,Female,EU Integration,Oppose EU Integration,PM's Partisanship,Conservative Party,Conservative Party,Plagiarism,Neutral,Having an Extramarital Affair,Female,Oppose EU Integration,Conservative Party
237,90.221.94.253,100,98,TRUE,2018/6/19 05:46,R_ukbNgSfqVOshhbX,NA,NA,NA,NA,52.08329773,1.166702271,anonymous,EN,1.502,22.947,25.447,5,Minister 1,2.271,18.73,20.235,4,Minister 1,Party Affiliation,Labour Party,PM's Position in EU Integration,Support EU Integration,PM's Scandal,Sexual Harassment,Gender,Male,EU Integration,Oppose EU Integration,Scandal,Plagiarism,PM's Partisanship,Labour Party,Conservative Party,Neutral,Plagiarism,Female,Neutral,No Scandal,Conservative Party,Party Affiliation,Conservative Party,PM's Position in EU Integration,Neutral,PM's Scandal,Having an Extramarital Affair,Gender,Female,EU Integration,Neutral,Scandal,Misreporting Funds,PM's Partisanship,Conservative Party,Conservative Party,Oppose EU Integration,Plagiarism,Female,Support EU Integration,Misreporting Funds,Conservative Party
238,155.245.59.27,100,82,TRUE,2018/6/19 05:49,R_2xSpg3xwEhz16zJ,NA,NA,NA,NA,51.90859985,0.920898438,anonymous,EN,6.958,6.958,9.482,1,Minister 2,5.814,5.814,7.283,1,Minister 2,PM's Partisanship,Conservative Party,Party Affiliation,Liberal Democrats,PM's Scandal,Sexual Harassment,Scandal,Having an Extramarital Affair,EU Integration,Neutral,Gender,Female,PM's Position in EU Integration,Oppose EU Integration,Conservative Party,Conservative Party,No Scandal,No Scandal,Neutral,Male,Support EU Integration,PM's Partisanship,Conservative Party,Party Affiliation,Conservative Party,PM's Scandal,Sexual Harassment,Scandal,Misreporting Funds,EU Integration,Support EU Integration,Gender,Male,PM's Position in EU Integration,Support EU Integration,Conservative Party,Conservative Party,No Scandal,Having an Extramarital Affair,Oppose EU Integration,Male,Support EU Integration
239,86.137.181.112,100,67,TRUE,2018/6/19 05:50,R_pa7NeKAVYzlMwF3,NA,NA,NA,NA,51.88330078,0.899993896,anonymous,EN,1.162,7.776,8.716,4,Minister 2,10.826,11.82,12.729,3,Minister 2,PM's Position in EU Integration,Oppose EU Integration,PM's Scandal,Plagiarism,Scandal,Sexual Harassment,PM's Partisanship,Labour Party,Gender,Male,Party Affiliation,Labour Party,EU Integration,Neutral,Neutral,Plagiarism,No Scandal,Conservative Party,Female,Conservative Party,Support EU Integration,PM's Position in EU Integration,Support EU Integration,PM's Scandal,Sexual Harassment,Scandal,No Scandal,PM's Partisanship,Conservative Party,Gender,Male,Party Affiliation,Liberal Democrats,EU Integration,Oppose EU Integration,Support EU Integration,Sexual Harassment,Plagiarism,Conservative Party,Female,Conservative Party,Support EU Integration
240,86.1.188.221,100,72,TRUE,2018/6/19 05:52,R_3KCuueKoQ3G50tJ,NA,NA,NA,NA,51.90859985,0.920898438,anonymous,EN,1.626,5.953,6.914,4,Minister 1,2.828,9.552,10.03,4,Minister 1,PM's Partisanship,Conservative Party,PM's Scandal,Having an Extramarital Affair,Party Affiliation,Conservative Party,EU Integration,Neutral,Scandal,Having an Extramarital Affair,PM's Position in EU Integration,Neutral,Gender,Female,Labour Party,Misreporting Funds,Labour Party,Neutral,Sexual Harassment,Oppose EU Integration,Male,PM's Partisanship,Conservative Party,PM's Scandal,Plagiarism,Party Affiliation,Liberal Democrats,EU Integration,Support EU Integration,Scandal,Plagiarism,PM's Position in EU Integration,Neutral,Gender,Male,Conservative Party,No Scandal,Conservative Party,Support EU Integration,Misreporting Funds,Oppose EU Integration,Female
241,155.245.62.220,100,97,TRUE,2018/6/19 05:53,R_3IaCbytNKc9nNYY,NA,NA,NA,NA,51.88330078,0.899993896,anonymous,EN,17.934,17.934,19.073,1,Minister 1,18.312,18.312,22.312,1,Minister 1,PM's Position in EU Integration,Oppose EU Integration,PM's Partisanship,Conservative Party,Gender,Female,Scandal,Having an Extramarital Affair,PM's Scandal,Having an Extramarital Affair,EU Integration,Neutral,Party Affiliation,Liberal Democrats,Neutral,Conservative Party,Male,No Scandal,Sexual Harassment,Oppose EU Integration,Liberal Democrats,PM's Position in EU Integration,Neutral,PM's Partisanship,Conservative Party,Gender,Female,Scandal,Sexual Harassment,PM's Scandal,Plagiarism,EU Integration,Support EU Integration,Party Affiliation,Conservative Party,Support EU Integration,Labour Party,Male,No Scandal,Misreporting Funds,Oppose EU Integration,Labour Party
242,82.132.233.8,100,116,TRUE,2018/6/19 05:54,R_1OOEfSDh6iy048x,NA,NA,NA,NA,51.49639893,-0.122406006,anonymous,EN,2.014,7.197,9.397,5,Minister 2,4.239,10.036,12.773,5,Minister 1,Party Affiliation,Labour Party,PM's Scandal,Sexual Harassment,PM's Position in EU Integration,Support EU Integration,EU Integration,Support EU Integration,Gender,Male,Scandal,Sexual Harassment,PM's Partisanship,Labour Party,Conservative Party,Having an Extramarital Affair,Neutral,Neutral,Female,Sexual Harassment,Conservative Party,Party Affiliation,Conservative Party,PM's Scandal,Sexual Harassment,PM's Position in EU Integration,Support EU Integration,EU Integration,Neutral,Gender,Male,Scandal,No Scandal,PM's Partisanship,Conservative Party,Liberal Democrats,Misreporting Funds,Neutral,Oppose EU Integration,Female,Plagiarism,Conservative Party
243,176.26.250.210,100,133,TRUE,2018/6/19 05:54,R_1dgJXTtlXSEWQnc,NA,NA,NA,NA,52.08329773,1.166702271,anonymous,EN,15.992,20.152,21.712,5,Minister 1,14.708,17.446,21.742,4,Minister 1,PM's Scandal,Sexual Harassment,Scandal,Plagiarism,EU Integration,Support EU Integration,PM's Position in EU Integration,Support EU Integration,Party Affiliation,Labour Party,PM's Partisanship,Labour Party,Gender,Female,Sexual Harassment,Plagiarism,Support EU Integration,Neutral,Labour Party,Labour Party,Female,PM's Scandal,No Scandal,Scandal,Plagiarism,EU Integration,Support EU Integration,PM's Position in EU Integration,Oppose EU Integration,Party Affiliation,Liberal Democrats,PM's Partisanship,Conservative Party,Gender,Female,Having an Extramarital Affair,Sexual Harassment,Neutral,Oppose EU Integration,Liberal Democrats,Conservative Party,Female
244,155.245.60.141,100,138,TRUE,2018/6/19 05:55,R_3siAVtaKfajPZ71,NA,NA,NA,NA,51.88279724,1.004592896,anonymous,EN,4.298,4.298,4.856,1,Minister 2,7.916,8.495,8.728,2,Minister 2,PM's Partisanship,Conservative Party,Party Affiliation,Liberal Democrats,Scandal,No Scandal,EU Integration,Support EU Integration,Gender,Male,PM's Scandal,Having an Extramarital Affair,PM's Position in EU Integration,Neutral,Labour Party,Labour Party,Sexual Harassment,Support EU Integration,Male,Having an Extramarital Affair,Support EU Integration,PM's Partisanship,Conservative Party,Party Affiliation,Conservative Party,Scandal,No Scandal,EU Integration,Oppose EU Integration,Gender,Male,PM's Scandal,Plagiarism,PM's Position in EU Integration,Support EU Integration,Conservative Party,Conservative Party,Having an Extramarital Affair,Support EU Integration,Female,Sexual Harassment,Support EU Integration
245,155.245.98.61,100,244,TRUE,2018/6/19 05:56,R_3n8UccGfVIVbnWF,NA,NA,NA,NA,51.88279724,1.004592896,anonymous,EN,13.182,13.182,14.529,1,Minister 1,4.133,4.133,5.204,1,Minister 1,Party Affiliation,Conservative Party,Scandal,No Scandal,PM's Scandal,Misreporting Funds,EU Integration,Support EU Integration,PM's Position in EU Integration,Oppose EU Integration,PM's Partisanship,Conservative Party,Gender,Female,Labour Party,Having an Extramarital Affair,Having an Extramarital Affair,Neutral,Support EU Integration,Labour Party,Male,Party Affiliation,Conservative Party,Scandal,No Scandal,PM's Scandal,No Scandal,EU Integration,Support EU Integration,PM's Position in EU Integration,Oppose EU Integration,PM's Partisanship,Conservative Party,Gender,Male,Labour Party,Misreporting Funds,No Scandal,Oppose EU Integration,Oppose EU Integration,Labour Party,Female
246,155.245.97.161,100,106,TRUE,2018/6/19 05:57,R_2TUikZxBwGNwnBc,NA,NA,NA,NA,51.93649292,1.278305054,anonymous,EN,11.878,11.878,12.664,1,Minister 2,22.763,22.763,23.872,1,Minister 1,PM's Position in EU Integration,Neutral,Party Affiliation,Conservative Party,Gender,Male,Scandal,Having an Extramarital Affair,PM's Partisanship,Conservative Party,PM's Scandal,Sexual Harassment,EU Integration,Support EU Integration,Neutral,Liberal Democrats,Female,Having an Extramarital Affair,Conservative Party,Having an Extramarital Affair,Support EU Integration,PM's Position in EU Integration,Neutral,Party Affiliation,Liberal Democrats,Gender,Male,Scandal,No Scandal,PM's Partisanship,Conservative Party,PM's Scandal,No Scandal,EU Integration,Oppose EU Integration,Oppose EU Integration,Conservative Party,Female,Sexual Harassment,Conservative Party,Having an Extramarital Affair,Support EU Integration
247,51.7.83.115,100,85,TRUE,2018/6/19 05:59,R_C7ksNhTueCfXgKB,NA,NA,NA,NA,51.13330078,0.283294678,anonymous,EN,8.13,14.532,16.45,3,Minister 2,4.447,4.447,6.5,1,Minister 1,PM's Position in EU Integration,Support EU Integration,Gender,Female,Party Affiliation,Labour Party,EU Integration,Neutral,PM's Scandal,Sexual Harassment,PM's Partisanship,Labour Party,Scandal,Plagiarism,Support EU Integration,Female,Liberal Democrats,Oppose EU Integration,No Scandal,Conservative Party,Having an Extramarital Affair,PM's Position in EU Integration,Oppose EU Integration,Gender,Female,Party Affiliation,Liberal Democrats,EU Integration,Support EU Integration,PM's Scandal,Sexual Harassment,PM's Partisanship,Conservative Party,Scandal,Sexual Harassment,Neutral,Female,Conservative Party,Support EU Integration,Misreporting Funds,Conservative Party,Misreporting Funds
248,131.111.84.203,100,73,TRUE,2018/6/19 05:59,R_3MAw2fh1Wm4TWZn,NA,NA,NA,NA,52.19999695,0.116699219,anonymous,EN,6.045,6.045,7.078,1,Minister 1,6.895,6.895,8.12,1,Minister 1,EU Integration,Support EU Integration,Scandal,No Scandal,PM's Partisanship,Labour Party,PM's Position in EU Integration,Neutral,Party Affiliation,Labour Party,PM's Scandal,Plagiarism,Gender,Female,Neutral,No Scandal,Conservative Party,Oppose EU Integration,Liberal Democrats,Having an Extramarital Affair,Male,EU Integration,Neutral,Scandal,No Scandal,PM's Partisanship,Conservative Party,PM's Position in EU Integration,Neutral,Party Affiliation,Liberal Democrats,PM's Scandal,Sexual Harassment,Gender,Female,Neutral,Sexual Harassment,Conservative Party,Oppose EU Integration,Conservative Party,Sexual Harassment,Male
249,193.113.48.9,100,138,TRUE,2018/6/19 06:00,R_1HcPLiNxAQkMh7X,NA,NA,NA,NA,51.56669617,-0.016693115,anonymous,EN,28.077,28.077,29.089,1,Minister 2,24.968,24.968,38.155,1,Minister 2,Gender,Female,PM's Position in EU Integration,Support EU Integration,Party Affiliation,Conservative Party,Scandal,Sexual Harassment,PM's Partisanship,Conservative Party,PM's Scandal,Having an Extramarital Affair,EU Integration,Neutral,Male,Neutral,Conservative Party,Plagiarism,Conservative Party,Plagiarism,Oppose EU Integration,Gender,Male,PM's Position in EU Integration,Support EU Integration,Party Affiliation,Conservative Party,Scandal,Plagiarism,PM's Partisanship,Conservative Party,PM's Scandal,No Scandal,EU Integration,Oppose EU Integration,Male,Neutral,Conservative Party,Misreporting Funds,Conservative Party,Having an Extramarital Affair,Oppose EU Integration
250,2.27.191.252,100,116,TRUE,2018/6/19 06:01,R_9zDyt0mmHMVvqaR,NA,NA,NA,NA,51.88330078,0.899993896,anonymous,EN,3.404,21.096,22.494,2,Minister 2,3.544,13.219,15.456,2,Minister 1,Scandal,Plagiarism,Party Affiliation,Conservative Party,EU Integration,Neutral,Gender,Male,PM's Scandal,No Scandal,PM's Position in EU Integration,Oppose EU Integration,PM's Partisanship,Conservative Party,Misreporting Funds,Conservative Party,Support EU Integration,Male,Plagiarism,Support EU Integration,Conservative Party,Scandal,Plagiarism,Party Affiliation,Labour Party,EU Integration,Support EU Integration,Gender,Male,PM's Scandal,No Scandal,PM's Position in EU Integration,Oppose EU Integration,PM's Partisanship,Labour Party,No Scandal,Labour Party,Oppose EU Integration,Female,Sexual Harassment,Oppose EU Integration,Labour Party
251,146.200.33.46,100,49,TRUE,2018/6/19 06:06,R_22LLA4oCaGel6mS,NA,NA,NA,NA,51.94999695,0.633300781,anonymous,EN,0.709,2.917,3.65,4,Minister 2,0.837,2.7,3.435,4,Minister 1,PM's Scandal,No Scandal,Scandal,Sexual Harassment,Gender,Male,PM's Partisanship,Conservative Party,Party Affiliation,Liberal Democrats,EU Integration,Oppose EU Integration,PM's Position in EU Integration,Support EU Integration,Plagiarism,No Scandal,Male,Conservative Party,Conservative Party,Support EU Integration,Neutral,PM's Scandal,Plagiarism,Scandal,No Scandal,Gender,Male,PM's Partisanship,Labour Party,Party Affiliation,Labour Party,EU Integration,Neutral,PM's Position in EU Integration,Support EU Integration,No Scandal,Sexual Harassment,Male,Conservative Party,Liberal Democrats,Support EU Integration,Support EU Integration
252,155.245.90.104,100,186,TRUE,2018/6/19 06:10,R_WlcgMhRsbZZ8UfL,NA,NA,NA,NA,51.88330078,0.899993896,anonymous,EN,13.997,13.997,15.019,1,Minister 2,97.31,97.31,98.24,1,Minister 1,Party Affiliation,Liberal Democrats,EU Integration,Support EU Integration,PM's Position in EU Integration,Support EU Integration,PM's Partisanship,Conservative Party,PM's Scandal,Plagiarism,Gender,Female,Scandal,Sexual Harassment,Labour Party,Support EU Integration,Oppose EU Integration,Labour Party,Misreporting Funds,Female,Plagiarism,Party Affiliation,Conservative Party,EU Integration,Neutral,PM's Position in EU Integration,Neutral,PM's Partisanship,Conservative Party,PM's Scandal,Sexual Harassment,Gender,Male,Scandal,Having an Extramarital Affair,Liberal Democrats,Support EU Integration,Support EU Integration,Conservative Party,Misreporting Funds,Female,Misreporting Funds
253,155.245.155.242,100,89,TRUE,2018/6/19 06:13,R_vAMwn0Q00pyvb0J,NA,NA,NA,NA,51.90859985,0.920898438,anonymous,EN,2.04,9.957,11.529,6,Minister 1,1.349,24.516,26.548,5,Minister 1,PM's Partisanship,Conservative Party,PM's Scandal,Misreporting Funds,Party Affiliation,Liberal Democrats,Scandal,No Scandal,EU Integration,Neutral,Gender,Female,PM's Position in EU Integration,Neutral,Conservative Party,No Scandal,Liberal Democrats,Sexual Harassment,Oppose EU Integration,Female,Oppose EU Integration,PM's Partisanship,Labour Party,PM's Scandal,No Scandal,Party Affiliation,Labour Party,Scandal,Having an Extramarital Affair,EU Integration,Oppose EU Integration,Gender,Male,PM's Position in EU Integration,Support EU Integration,Labour Party,Plagiarism,Labour Party,No Scandal,Neutral,Female,Neutral
254,85.115.54.201,100,109,TRUE,2018/6/19 06:15,R_2uCdwQn14RH4oum,NA,NA,NA,NA,51.48910522,-0.110702515,anonymous,EN,10.689,10.689,24.527,1,Minister 2,6.119,6.119,7.245,1,Minister 2,Scandal,Plagiarism,PM's Scandal,Having an Extramarital Affair,Gender,Male,PM's Position in EU Integration,Neutral,PM's Partisanship,Conservative Party,Party Affiliation,Liberal Democrats,EU Integration,Neutral,Having an Extramarital Affair,Plagiarism,Male,Neutral,Labour Party,Labour Party,Neutral,Scandal,Having an Extramarital Affair,PM's Scandal,Having an Extramarital Affair,Gender,Male,PM's Position in EU Integration,Neutral,PM's Partisanship,Conservative Party,Party Affiliation,Conservative Party,EU Integration,Support EU Integration,Misreporting Funds,Having an Extramarital Affair,Male,Oppose EU Integration,Conservative Party,Liberal Democrats,Oppose EU Integration
255,82.27.112.20,100,217,TRUE,2018/6/19 06:15,R_BJ51SKHceKcqJgt,NA,NA,NA,NA,51.88330078,0.899993896,anonymous,EN,3.64,62.923,63.939,6,Minister 2,27.385,51.235,52.031,4,Minister 1,PM's Position in EU Integration,Oppose EU Integration,Scandal,Plagiarism,PM's Scandal,Plagiarism,EU Integration,Support EU Integration,Party Affiliation,Labour Party,PM's Partisanship,Labour Party,Gender,Male,Support EU Integration,No Scandal,Misreporting Funds,Oppose EU Integration,Labour Party,Labour Party,Female,PM's Position in EU Integration,Oppose EU Integration,Scandal,Misreporting Funds,PM's Scandal,Having an Extramarital Affair,EU Integration,Oppose EU Integration,Party Affiliation,Conservative Party,PM's Partisanship,Conservative Party,Gender,Female,Oppose EU Integration,No Scandal,Sexual Harassment,Oppose EU Integration,Labour Party,Labour Party,Male
256,90.200.133.108,100,116,TRUE,2018/6/19 06:21,R_3KAwPNAZdRUhaxT,NA,NA,NA,NA,50.8999939,-1.399993896,anonymous,EN,1.908,16.19,16.251,5,Minister 2,1.155,12.582,13.844,4,Minister 1,PM's Scandal,Having an Extramarital Affair,PM's Position in EU Integration,Support EU Integration,Party Affiliation,Liberal Democrats,Scandal,Sexual Harassment,Gender,Male,EU Integration,Support EU Integration,PM's Partisanship,Conservative Party,No Scandal,Neutral,Conservative Party,Sexual Harassment,Female,Oppose EU Integration,Conservative Party,PM's Scandal,Having an Extramarital Affair,PM's Position in EU Integration,Oppose EU Integration,Party Affiliation,Labour Party,Scandal,Misreporting Funds,Gender,Male,EU Integration,Oppose EU Integration,PM's Partisanship,Labour Party,Misreporting Funds,Neutral,Labour Party,Sexual Harassment,Female,Oppose EU Integration,Labour Party
257,2.96.125.239,100,114,TRUE,2018/6/19 06:23,R_1PRfnvey5r9VgX9,NA,NA,NA,NA,51.88330078,0.899993896,anonymous,EN,25.778,25.778,27.162,1,Minister 2,17.477,17.477,18.622,1,Minister 1,PM's Partisanship,Conservative Party,EU Integration,Support EU Integration,Scandal,Misreporting Funds,PM's Scandal,Sexual Harassment,Gender,Male,PM's Position in EU Integration,Oppose EU Integration,Party Affiliation,Liberal Democrats,Conservative Party,Oppose EU Integration,Misreporting Funds,Plagiarism,Male,Support EU Integration,Conservative Party,PM's Partisanship,Conservative Party,EU Integration,Neutral,Scandal,No Scandal,PM's Scandal,Plagiarism,Gender,Female,PM's Position in EU Integration,Support EU Integration,Party Affiliation,Conservative Party,Conservative Party,Neutral,Sexual Harassment,Misreporting Funds,Female,Neutral,Liberal Democrats
258,62.255.36.196,100,241,TRUE,2018/6/19 06:23,R_123JdPon6tDvDtQ,NA,NA,NA,NA,51.90859985,0.920898438,anonymous,EN,8.782,8.782,9.518,1,Minister 2,6.331,6.331,8.96,1,Minister 2,EU Integration,Oppose EU Integration,PM's Position in EU Integration,Support EU Integration,Party Affiliation,Conservative Party,PM's Partisanship,Conservative Party,Gender,Male,Scandal,Having an Extramarital Affair,PM's Scandal,Misreporting Funds,Support EU Integration,Oppose EU Integration,Liberal Democrats,Conservative Party,Male,No Scandal,Having an Extramarital Affair,EU Integration,Support EU Integration,PM's Position in EU Integration,Oppose EU Integration,Party Affiliation,Conservative Party,PM's Partisanship,Conservative Party,Gender,Male,Scandal,Having an Extramarital Affair,PM's Scandal,Plagiarism,Support EU Integration,Oppose EU Integration,Conservative Party,Conservative Party,Male,Having an Extramarital Affair,Sexual Harassment
259,188.223.61.86,100,94,TRUE,2018/6/19 06:26,R_1hZ2bAQ1bGhXsl9,NA,NA,NA,NA,51.43330383,-1,anonymous,EN,2.878,12.042,13.454,6,Minister 1,1.196,15.027,15.749,6,Minister 2,Scandal,Plagiarism,Gender,Male,Party Affiliation,Conservative Party,PM's Partisanship,Conservative Party,PM's Position in EU Integration,Neutral,EU Integration,Neutral,PM's Scandal,No Scandal,Plagiarism,Male,Liberal Democrats,Conservative Party,Neutral,Oppose EU Integration,Plagiarism,Scandal,Sexual Harassment,Gender,Male,Party Affiliation,Conservative Party,PM's Partisanship,Conservative Party,PM's Position in EU Integration,Neutral,EU Integration,Neutral,PM's Scandal,Plagiarism,Having an Extramarital Affair,Female,Labour Party,Labour Party,Support EU Integration,Neutral,Misreporting Funds
260,86.11.248.91,100,57,TRUE,2018/6/19 06:27,R_yRaMf3abOCs6tcR,NA,NA,NA,NA,51.90859985,0.920898438,anonymous,EN,2.759,13.89,13.916,6,Minister 1,4.976,5.587,6.542,3,Minister 2,EU Integration,Neutral,Gender,Male,PM's Scandal,Plagiarism,PM's Position in EU Integration,Support EU Integration,Party Affiliation,Labour Party,PM's Partisanship,Labour Party,Scandal,Having an Extramarital Affair,Neutral,Female,Misreporting Funds,Neutral,Labour Party,Labour Party,Having an Extramarital Affair,EU Integration,Oppose EU Integration,Gender,Male,PM's Scandal,Sexual Harassment,PM's Position in EU Integration,Neutral,Party Affiliation,Labour Party,PM's Partisanship,Labour Party,Scandal,Misreporting Funds,Neutral,Male,Plagiarism,Neutral,Conservative Party,Conservative Party,Plagiarism
261,82.132.227.159,100,56,TRUE,2018/6/19 06:29,R_2ZVJIA88gTd3Zhv,NA,NA,NA,NA,51.6000061,-0.066696167,anonymous,EN,1.426,8.008,9.191,4,Minister 1,4.868,7.779,9.431,4,Minister 2,PM's Position in EU Integration,Neutral,PM's Partisanship,Labour Party,Gender,Male,Party Affiliation,Labour Party,PM's Scandal,Sexual Harassment,Scandal,Plagiarism,EU Integration,Oppose EU Integration,Oppose EU Integration,Labour Party,Male,Labour Party,Sexual Harassment,Plagiarism,Support EU Integration,PM's Position in EU Integration,Support EU Integration,PM's Partisanship,Conservative Party,Gender,Male,Party Affiliation,Liberal Democrats,PM's Scandal,Sexual Harassment,Scandal,Misreporting Funds,EU Integration,Neutral,Neutral,Labour Party,Female,Labour Party,No Scandal,Sexual Harassment,Support EU Integration
262,81.153.144.254,100,89,TRUE,2018/6/19 06:30,R_2344yvtIDkYjZUl,NA,NA,NA,NA,51.88330078,0.899993896,anonymous,EN,1.548,8.199,9.271,5,Minister 1,4.774,7.825,9.125,5,Minister 1,Party Affiliation,Conservative Party,EU Integration,Oppose EU Integration,PM's Position in EU Integration,Neutral,PM's Scandal,Plagiarism,Gender,Female,PM's Partisanship,Conservative Party,Scandal,Plagiarism,Liberal Democrats,Oppose EU Integration,Oppose EU Integration,Having an Extramarital Affair,Female,Conservative Party,Misreporting Funds,Party Affiliation,Conservative Party,EU Integration,Neutral,PM's Position in EU Integration,Neutral,PM's Scandal,Misreporting Funds,Gender,Male,PM's Partisanship,Conservative Party,Scandal,No Scandal,Liberal Democrats,Oppose EU Integration,Support EU Integration,Plagiarism,Female,Conservative Party,Sexual Harassment
263,46.183.192.158,100,89,TRUE,2018/6/19 06:31,R_2Vg3OiuP0dLK3tQ,NA,NA,NA,NA,51.88330078,0.899993896,anonymous,EN,2.154,21.48,22.167,5,Minister 2,5.867,8.266,9.295,4,Minister 2,EU Integration,Neutral,Scandal,Misreporting Funds,Party Affiliation,Labour Party,Gender,Female,PM's Position in EU Integration,Support EU Integration,PM's Scandal,No Scandal,PM's Partisanship,Labour Party,Neutral,No Scandal,Liberal Democrats,Male,Oppose EU Integration,Sexual Harassment,Conservative Party,EU Integration,Oppose EU Integration,Scandal,Sexual Harassment,Party Affiliation,Conservative Party,Gender,Male,PM's Position in EU Integration,Support EU Integration,PM's Scandal,Plagiarism,PM's Partisanship,Conservative Party,Support EU Integration,Having an Extramarital Affair,Labour Party,Male,Neutral,No Scandal,Labour Party
264,82.132.228.55,100,93,TRUE,2018/6/19 06:31,R_5nL8soxgTyDoKmB,NA,NA,NA,NA,53.38330078,-2.600006104,anonymous,EN,2.795,10.125,10.814,4,Minister 2,2.682,8.719,10.585,5,Minister 2,Gender,Male,EU Integration,Neutral,PM's Partisanship,Conservative Party,Party Affiliation,Conservative Party,Scandal,Sexual Harassment,PM's Scandal,Misreporting Funds,PM's Position in EU Integration,Neutral,Female,Oppose EU Integration,Labour Party,Labour Party,Having an Extramarital Affair,Sexual Harassment,Support EU Integration,Gender,Male,EU Integration,Oppose EU Integration,PM's Partisanship,Conservative Party,Party Affiliation,Liberal Democrats,Scandal,Misreporting Funds,PM's Scandal,Misreporting Funds,PM's Position in EU Integration,Support EU Integration,Female,Support EU Integration,Conservative Party,Conservative Party,Having an Extramarital Affair,Plagiarism,Support EU Integration
265,94.197.120.217,100,91,TRUE,2018/6/19 06:31,R_0lz2NKyRdFxKx2x,NA,NA,NA,NA,51.51420593,-0.093093872,anonymous,EN,1.235,5.341,6.174,4,Minister 1,2.528,10.468,13.106,4,Minister 1,PM's Partisanship,Labour Party,PM's Position in EU Integration,Support EU Integration,EU Integration,Neutral,Gender,Female,PM's Scandal,No Scandal,Party Affiliation,Labour Party,Scandal,No Scandal,Conservative Party,Oppose EU Integration,Neutral,Female,Sexual Harassment,Conservative Party,Having an Extramarital Affair,PM's Partisanship,Labour Party,PM's Position in EU Integration,Support EU Integration,EU Integration,Support EU Integration,Gender,Female,PM's Scandal,Having an Extramarital Affair,Party Affiliation,Labour Party,Scandal,Sexual Harassment,Conservative Party,Support EU Integration,Neutral,Female,Sexual Harassment,Liberal Democrats,Plagiarism
266,155.245.29.160,100,59,TRUE,2018/6/19 06:31,R_2yl8AoAsOB917Af,NA,NA,NA,NA,51.90859985,0.920898438,anonymous,EN,5.892,7.839,8.644,2,Minister 2,5.751,5.751,7.479,1,Minister 1,PM's Partisanship,Conservative Party,Gender,Female,PM's Position in EU Integration,Support EU Integration,Scandal,Misreporting Funds,EU Integration,Oppose EU Integration,PM's Scandal,Plagiarism,Party Affiliation,Liberal Democrats,Conservative Party,Female,Oppose EU Integration,Misreporting Funds,Support EU Integration,Having an Extramarital Affair,Liberal Democrats,PM's Partisanship,Labour Party,Gender,Male,PM's Position in EU Integration,Oppose EU Integration,Scandal,No Scandal,EU Integration,Neutral,PM's Scandal,Having an Extramarital Affair,Party Affiliation,Labour Party,Conservative Party,Male,Support EU Integration,Plagiarism,Oppose EU Integration,Having an Extramarital Affair,Liberal Democrats
267,86.14.185.108,100,106,TRUE,2018/6/19 06:34,R_12Mh5bhdWPVHcex,NA,NA,NA,NA,51.88330078,0.899993896,anonymous,EN,2.514,8.479,10.558,2,Minister 1,2.941,14.216,15.227,3,Minister 2,Scandal,No Scandal,PM's Position in EU Integration,Neutral,Gender,Male,EU Integration,Neutral,Party Affiliation,Liberal Democrats,PM's Scandal,Having an Extramarital Affair,PM's Partisanship,Conservative Party,Misreporting Funds,Support EU Integration,Male,Neutral,Conservative Party,Misreporting Funds,Conservative Party,Scandal,Having an Extramarital Affair,PM's Position in EU Integration,Oppose EU Integration,Gender,Male,EU Integration,Oppose EU Integration,Party Affiliation,Liberal Democrats,PM's Scandal,Having an Extramarital Affair,PM's Partisanship,Conservative Party,Misreporting Funds,Support EU Integration,Female,Support EU Integration,Liberal Democrats,Having an Extramarital Affair,Conservative Party
268,90.219.104.118,100,184,TRUE,2018/6/19 06:37,R_3k7ieeUFmuFSuT7,NA,NA,NA,NA,52.08329773,1.166702271,anonymous,EN,11.987,33.851,34.9,6,Minister 2,18.866,19.721,21.46,3,Minister 1,PM's Partisanship,Conservative Party,PM's Position in EU Integration,Neutral,Gender,Male,Scandal,Sexual Harassment,PM's Scandal,Plagiarism,Party Affiliation,Conservative Party,EU Integration,Neutral,Conservative Party,Neutral,Female,Plagiarism,No Scandal,Liberal Democrats,Neutral,PM's Partisanship,Conservative Party,PM's Position in EU Integration,Support EU Integration,Gender,Female,Scandal,Misreporting Funds,PM's Scandal,Plagiarism,Party Affiliation,Conservative Party,EU Integration,Support EU Integration,Labour Party,Oppose EU Integration,Male,Plagiarism,Sexual Harassment,Labour Party,Oppose EU Integration
269,151.230.144.27,100,129,TRUE,2018/6/19 06:37,R_3nA8quPAwOVHT7V,NA,NA,NA,NA,51.93649292,1.278305054,anonymous,EN,0.874,17.281,17.9,5,Minister 1,1.869,18.281,19.014,4,Minister 2,EU Integration,Oppose EU Integration,PM's Partisanship,Conservative Party,PM's Scandal,Having an Extramarital Affair,Gender,Female,PM's Position in EU Integration,Neutral,Scandal,Having an Extramarital Affair,Party Affiliation,Liberal Democrats,Oppose EU Integration,Conservative Party,No Scandal,Male,Neutral,Sexual Harassment,Conservative Party,EU Integration,Oppose EU Integration,PM's Partisanship,Labour Party,PM's Scandal,No Scandal,Gender,Female,PM's Position in EU Integration,Support EU Integration,Scandal,Having an Extramarital Affair,Party Affiliation,Labour Party,Neutral,Conservative Party,Having an Extramarital Affair,Male,Oppose EU Integration,No Scandal,Liberal Democrats
270,155.245.62.107,100,122,TRUE,2018/6/19 06:38,R_1QF0sLcCc5JggUu,NA,NA,NA,NA,51.88330078,0.899993896,anonymous,EN,25.853,25.853,27.032,1,Minister 1,32.605,32.605,33.377,1,Minister 2,Gender,Male,EU Integration,Neutral,Party Affiliation,Labour Party,PM's Position in EU Integration,Oppose EU Integration,Scandal,No Scandal,PM's Partisanship,Labour Party,PM's Scandal,Misreporting Funds,Male,Oppose EU Integration,Labour Party,Neutral,Plagiarism,Labour Party,Misreporting Funds,Gender,Female,EU Integration,Support EU Integration,Party Affiliation,Labour Party,PM's Position in EU Integration,Oppose EU Integration,Scandal,Having an Extramarital Affair,PM's Partisanship,Labour Party,PM's Scandal,Plagiarism,Female,Support EU Integration,Conservative Party,Support EU Integration,Having an Extramarital Affair,Conservative Party,Having an Extramarital Affair
271,86.11.250.124,100,83,TRUE,2018/6/19 06:39,R_1rctYdQfiXSB2f3,NA,NA,NA,NA,51.88330078,0.899993896,anonymous,EN,19.109,19.109,20.314,1,Minister 1,12.781,12.781,13.805,1,Minister 1,EU Integration,Oppose EU Integration,PM's Position in EU Integration,Support EU Integration,PM's Scandal,Having an Extramarital Affair,Gender,Female,PM's Partisanship,Conservative Party,Scandal,Having an Extramarital Affair,Party Affiliation,Liberal Democrats,Neutral,Oppose EU Integration,Plagiarism,Female,Labour Party,Misreporting Funds,Labour Party,EU Integration,Oppose EU Integration,PM's Position in EU Integration,Support EU Integration,PM's Scandal,Misreporting Funds,Gender,Male,PM's Partisanship,Conservative Party,Scandal,Having an Extramarital Affair,Party Affiliation,Liberal Democrats,Support EU Integration,Support EU Integration,Sexual Harassment,Male,Conservative Party,Misreporting Funds,Conservative Party
272,78.150.209.230,100,74,TRUE,2018/6/19 06:44,R_1kXnoNQoDqddFp4,NA,NA,NA,NA,51.88330078,0.899993896,anonymous,EN,12.039,12.039,13.214,1,Minister 2,6.93,6.93,8.204,1,Minister 2,Scandal,Plagiarism,Party Affiliation,Liberal Democrats,EU Integration,Neutral,PM's Partisanship,Conservative Party,PM's Scandal,Misreporting Funds,PM's Position in EU Integration,Oppose EU Integration,Gender,Male,Sexual Harassment,Conservative Party,Neutral,Conservative Party,Sexual Harassment,Oppose EU Integration,Male,Scandal,Having an Extramarital Affair,Party Affiliation,Liberal Democrats,EU Integration,Support EU Integration,PM's Partisanship,Conservative Party,PM's Scandal,Having an Extramarital Affair,PM's Position in EU Integration,Neutral,Gender,Female,Having an Extramarital Affair,Labour Party,Neutral,Labour Party,Sexual Harassment,Oppose EU Integration,Male
273,82.132.240.107,100,200,TRUE,2018/6/19 06:46,R_1CfpyyQRCS52ML4,NA,NA,NA,NA,52.58329773,-2.133300781,anonymous,EN,8.927,18.794,20.927,4,Minister 1,13.287,18.954,21.598,4,Minister 2,Scandal,Having an Extramarital Affair,Party Affiliation,Liberal Democrats,EU Integration,Oppose EU Integration,PM's Partisanship,Conservative Party,PM's Scandal,Misreporting Funds,PM's Position in EU Integration,Oppose EU Integration,Gender,Male,Sexual Harassment,Labour Party,Neutral,Labour Party,No Scandal,Oppose EU Integration,Male,Scandal,Sexual Harassment,Party Affiliation,Conservative Party,EU Integration,Neutral,PM's Partisanship,Conservative Party,PM's Scandal,Sexual Harassment,PM's Position in EU Integration,Neutral,Gender,Female,Plagiarism,Conservative Party,Oppose EU Integration,Conservative Party,Sexual Harassment,Neutral,Male
274,86.184.24.237,100,72,TRUE,2018/6/19 06:48,R_2Y6cQ0q4LKhn38g,NA,NA,NA,NA,52.07060242,0.761901855,anonymous,EN,17.321,17.321,17.963,1,Minister 2,11.602,11.602,12.993,1,Minister 1,Party Affiliation,Conservative Party,Scandal,Sexual Harassment,PM's Scandal,Plagiarism,EU Integration,Neutral,PM's Partisanship,Conservative Party,PM's Position in EU Integration,Support EU Integration,Gender,Male,Liberal Democrats,Having an Extramarital Affair,Misreporting Funds,Neutral,Conservative Party,Neutral,Male,Party Affiliation,Conservative Party,Scandal,Plagiarism,PM's Scandal,Having an Extramarital Affair,EU Integration,Oppose EU Integration,PM's Partisanship,Conservative Party,PM's Position in EU Integration,Support EU Integration,Gender,Male,Liberal Democrats,Plagiarism,Misreporting Funds,Oppose EU Integration,Conservative Party,Support EU Integration,Male
275,165.225.80.131,100,232,TRUE,2018/6/19 06:49,R_2uwt4bEnVnPGY6Z,NA,NA,NA,NA,51.49639893,-0.122406006,anonymous,EN,2.575,63.538,65.306,3,Minister 1,4.956,34.705,37.01,4,Minister 2,PM's Position in EU Integration,Support EU Integration,PM's Partisanship,Conservative Party,Party Affiliation,Liberal Democrats,PM's Scandal,No Scandal,Gender,Male,EU Integration,Oppose EU Integration,Scandal,Misreporting Funds,Neutral,Conservative Party,Liberal Democrats,Sexual Harassment,Female,Neutral,Plagiarism,PM's Position in EU Integration,Neutral,PM's Partisanship,Conservative Party,Party Affiliation,Liberal Democrats,PM's Scandal,Misreporting Funds,Gender,Female,EU Integration,Oppose EU Integration,Scandal,Plagiarism,Neutral,Conservative Party,Conservative Party,Misreporting Funds,Female,Neutral,Sexual Harassment
276,86.151.53.41,100,142,TRUE,2018/6/19 06:51,R_1QN3IoIKENJrELn,NA,NA,NA,NA,51.88330078,0.899993896,anonymous,EN,2.11,11.6,12.465,4,Minister 2,2.027,9.142,9.552,4,Minister 2,Gender,Male,Party Affiliation,Liberal Democrats,Scandal,Having an Extramarital Affair,PM's Scandal,Misreporting Funds,PM's Position in EU Integration,Neutral,EU Integration,Support EU Integration,PM's Partisanship,Conservative Party,Female,Conservative Party,No Scandal,Misreporting Funds,Neutral,Neutral,Conservative Party,Gender,Male,Party Affiliation,Liberal Democrats,Scandal,No Scandal,PM's Scandal,Sexual Harassment,PM's Position in EU Integration,Support EU Integration,EU Integration,Neutral,PM's Partisanship,Conservative Party,Female,Conservative Party,Plagiarism,No Scandal,Oppose EU Integration,Oppose EU Integration,Conservative Party
277,81.106.114.114,100,88,TRUE,2018/6/19 06:55,R_2RP2SYZNoqWLjaz,NA,NA,NA,NA,51.75,-0.333297729,anonymous,EN,1.031,19.1,19.483,5,Minister 2,0.734,20.42,21.603,7,Minister 1,PM's Position in EU Integration,Oppose EU Integration,PM's Partisanship,Conservative Party,Gender,Male,PM's Scandal,Sexual Harassment,EU Integration,Neutral,Party Affiliation,Liberal Democrats,Scandal,Having an Extramarital Affair,Neutral,Conservative Party,Female,No Scandal,Neutral,Liberal Democrats,Sexual Harassment,PM's Position in EU Integration,Oppose EU Integration,PM's Partisanship,Conservative Party,Gender,Male,PM's Scandal,Misreporting Funds,EU Integration,Oppose EU Integration,Party Affiliation,Liberal Democrats,Scandal,No Scandal,Neutral,Labour Party,Male,Sexual Harassment,Neutral,Labour Party,No Scandal
278,146.198.242.96,100,55,TRUE,2018/6/19 06:55,R_3IVMuCyRDDxpCFd,NA,NA,NA,NA,51.88330078,0.899993896,anonymous,EN,3.282,5.614,6.499,4,Minister 1,2.68,4.39,5.767,3,Minister 1,Party Affiliation,Labour Party,Gender,Female,Scandal,No Scandal,EU Integration,Support EU Integration,PM's Position in EU Integration,Oppose EU Integration,PM's Partisanship,Labour Party,PM's Scandal,Misreporting Funds,Labour Party,Male,Misreporting Funds,Support EU Integration,Support EU Integration,Labour Party,No Scandal,Party Affiliation,Liberal Democrats,Gender,Male,Scandal,Plagiarism,EU Integration,Neutral,PM's Position in EU Integration,Oppose EU Integration,PM's Partisanship,Conservative Party,PM's Scandal,Plagiarism,Conservative Party,Male,No Scandal,Neutral,Support EU Integration,Conservative Party,Sexual Harassment
279,2.122.222.204,100,306,TRUE,2018/6/19 06:57,R_eQdmtPhkKsY26eR,NA,NA,NA,NA,51.88330078,0.899993896,anonymous,EN,1.241,18.98,19.963,4,Minister 2,1.224,63.027,64.122,10,Minister 1,Gender,Female,Party Affiliation,Labour Party,Scandal,Sexual Harassment,EU Integration,Support EU Integration,PM's Scandal,Plagiarism,PM's Position in EU Integration,Oppose EU Integration,PM's Partisanship,Labour Party,Male,Labour Party,Plagiarism,Neutral,Having an Extramarital Affair,Oppose EU Integration,Labour Party,Gender,Male,Party Affiliation,Conservative Party,Scandal,Having an Extramarital Affair,EU Integration,Neutral,PM's Scandal,Misreporting Funds,PM's Position in EU Integration,Oppose EU Integration,PM's Partisanship,Conservative Party,Female,Labour Party,Misreporting Funds,Support EU Integration,Sexual Harassment,Neutral,Labour Party
280,92.40.249.241,100,189,TRUE,2018/6/19 07:00,R_vC5MT6eehmb8ykh,NA,NA,NA,NA,51.51420593,-0.093093872,anonymous,EN,4.743,16.443,17.293,4,Minister 2,70.407,108.712,109.433,8,Minister 1,PM's Partisanship,Labour Party,PM's Scandal,Plagiarism,PM's Position in EU Integration,Oppose EU Integration,Gender,Female,EU Integration,Support EU Integration,Scandal,Misreporting Funds,Party Affiliation,Labour Party,Labour Party,No Scandal,Support EU Integration,Male,Support EU Integration,Having an Extramarital Affair,Labour Party,PM's Partisanship,Conservative Party,PM's Scandal,Having an Extramarital Affair,PM's Position in EU Integration,Support EU Integration,Gender,Male,EU Integration,Neutral,Scandal,Having an Extramarital Affair,Party Affiliation,Conservative Party,Conservative Party,Plagiarism,Neutral,Female,Oppose EU Integration,Misreporting Funds,Liberal Democrats
281,213.205.251.92,100,81,TRUE,2018/6/19 07:00,R_AmqdFlHJgYZzqtX,NA,NA,NA,NA,51.55000305,0.166702271,anonymous,EN,0.907,10.277,12.417,8,Minister 1,0.572,6.271,6.794,8,Minister 2,Gender,Male,PM's Scandal,Having an Extramarital Affair,Scandal,No Scandal,PM's Position in EU Integration,Neutral,PM's Partisanship,Conservative Party,Party Affiliation,Liberal Democrats,EU Integration,Support EU Integration,Male,Misreporting Funds,Misreporting Funds,Neutral,Conservative Party,Liberal Democrats,Neutral,Gender,Female,PM's Scandal,Having an Extramarital Affair,Scandal,No Scandal,PM's Position in EU Integration,Neutral,PM's Partisanship,Labour Party,Party Affiliation,Labour Party,EU Integration,Oppose EU Integration,Female,Misreporting Funds,No Scandal,Oppose EU Integration,Conservative Party,Conservative Party,Oppose EU Integration
282,86.151.53.16,100,84,TRUE,2018/6/19 07:00,R_3iDdxzBewXM9gql,NA,NA,NA,NA,51.88330078,0.899993896,anonymous,EN,10.906,10.906,11.842,1,Minister 2,9.261,9.261,10.767,1,Minister 1,Party Affiliation,Liberal Democrats,PM's Scandal,Misreporting Funds,Gender,Female,EU Integration,Oppose EU Integration,PM's Partisanship,Conservative Party,PM's Position in EU Integration,Support EU Integration,Scandal,Having an Extramarital Affair,Conservative Party,Sexual Harassment,Male,Neutral,Conservative Party,Support EU Integration,Plagiarism,Party Affiliation,Conservative Party,PM's Scandal,Misreporting Funds,Gender,Female,EU Integration,Oppose EU Integration,PM's Partisanship,Conservative Party,PM's Position in EU Integration,Support EU Integration,Scandal,Having an Extramarital Affair,Conservative Party,Misreporting Funds,Male,Oppose EU Integration,Conservative Party,Support EU Integration,Plagiarism
283,80.189.49.226,100,130,TRUE,2018/6/19 07:02,R_1CD5oIvVEQkyiD7,NA,NA,NA,NA,51.26669312,1.083297729,anonymous,EN,1.073,55.168,55.152,11,Minister 2,0.849,27.596,28.064,8,Minister 1,Scandal,Sexual Harassment,Party Affiliation,Labour Party,PM's Scandal,Misreporting Funds,PM's Position in EU Integration,Oppose EU Integration,PM's Partisanship,Labour Party,Gender,Male,EU Integration,Neutral,No Scandal,Liberal Democrats,Sexual Harassment,Neutral,Conservative Party,Male,Support EU Integration,Scandal,Having an Extramarital Affair,Party Affiliation,Labour Party,PM's Scandal,Plagiarism,PM's Position in EU Integration,Support EU Integration,PM's Partisanship,Labour Party,Gender,Female,EU Integration,Oppose EU Integration,Sexual Harassment,Conservative Party,Misreporting Funds,Oppose EU Integration,Conservative Party,Female,Support EU Integration
284,155.245.57.90,100,78,TRUE,2018/6/19 07:02,R_2a8LWHErfwzx6Wa,NA,NA,NA,NA,51.90859985,0.920898438,anonymous,EN,14.794,14.794,16.373,1,Minister 2,17.248,17.248,18.4,1,Minister 2,Gender,Female,PM's Position in EU Integration,Support EU Integration,PM's Scandal,No Scandal,Party Affiliation,Labour Party,Scandal,Misreporting Funds,EU Integration,Oppose EU Integration,PM's Partisanship,Labour Party,Female,Support EU Integration,Misreporting Funds,Labour Party,Plagiarism,Oppose EU Integration,Labour Party,Gender,Male,PM's Position in EU Integration,Oppose EU Integration,PM's Scandal,Misreporting Funds,Party Affiliation,Labour Party,Scandal,Having an Extramarital Affair,EU Integration,Oppose EU Integration,PM's Partisanship,Labour Party,Male,Neutral,Plagiarism,Labour Party,Having an Extramarital Affair,Oppose EU Integration,Labour Party
285,80.2.20.104,100,104,TRUE,2018/6/19 07:05,R_TaM5RIGrQKi4G41,NA,NA,NA,NA,51.6302948,0.000504,anonymous,EN,10.442,19.468,23.028,5,Minister 2,4.349,6.786,8.661,4,Minister 2,Gender,Male,Scandal,Plagiarism,PM's Partisanship,Conservative Party,Party Affiliation,Conservative Party,EU Integration,Oppose EU Integration,PM's Position in EU Integration,Support EU Integration,PM's Scandal,Misreporting Funds,Female,Sexual Harassment,Conservative Party,Liberal Democrats,Oppose EU Integration,Neutral,Having an Extramarital Affair,Gender,Female,Scandal,Misreporting Funds,PM's Partisanship,Conservative Party,Party Affiliation,Conservative Party,EU Integration,Neutral,PM's Position in EU Integration,Support EU Integration,PM's Scandal,Misreporting Funds,Male,Sexual Harassment,Conservative Party,Liberal Democrats,Oppose EU Integration,Neutral,Sexual Harassment
286,82.17.246.114,100,179,TRUE,2018/6/19 07:06,R_w1bSZHFVRdRHpwB,NA,NA,NA,NA,51.88330078,0.899993896,anonymous,EN,8.811,23.647,24.813,4,Minister 2,60.178,63.253,64.049,4,Minister 2,EU Integration,Oppose EU Integration,PM's Scandal,Misreporting Funds,PM's Position in EU Integration,Support EU Integration,Party Affiliation,Liberal Democrats,PM's Partisanship,Conservative Party,Scandal,No Scandal,Gender,Female,Support EU Integration,Having an Extramarital Affair,Oppose EU Integration,Labour Party,Labour Party,Sexual Harassment,Male,EU Integration,Oppose EU Integration,PM's Scandal,Sexual Harassment,PM's Position in EU Integration,Neutral,Party Affiliation,Conservative Party,PM's Partisanship,Conservative Party,Scandal,Misreporting Funds,Gender,Female,Neutral,Misreporting Funds,Neutral,Labour Party,Labour Party,No Scandal,Male
287,31.75.198.168,100,122,TRUE,2018/6/19 07:08,R_2y2AknXMZBLPKvy,NA,NA,NA,NA,51.51420593,-0.093093872,anonymous,EN,1.014,12.853,15.241,4,Minister 1,0.754,23.34,24.432,3,Minister 2,EU Integration,Oppose EU Integration,PM's Scandal,No Scandal,PM's Position in EU Integration,Support EU Integration,Party Affiliation,Liberal Democrats,Gender,Female,Scandal,Sexual Harassment,PM's Partisanship,Conservative Party,Support EU Integration,No Scandal,Support EU Integration,Labour Party,Female,Sexual Harassment,Labour Party,EU Integration,Neutral,PM's Scandal,Having an Extramarital Affair,PM's Position in EU Integration,Neutral,Party Affiliation,Labour Party,Gender,Male,Scandal,No Scandal,PM's Partisanship,Labour Party,Support EU Integration,Misreporting Funds,Neutral,Liberal Democrats,Male,Plagiarism,Conservative Party
288,155.245.59.41,100,132,TRUE,2018/6/19 07:09,R_2qC79UOvmvscToM,NA,NA,NA,NA,51.90859985,0.920898438,anonymous,EN,39.477,39.477,40.883,1,Minister 2,13.448,13.448,15.414,1,Minister 2,Party Affiliation,Labour Party,Scandal,No Scandal,EU Integration,Neutral,PM's Scandal,Plagiarism,Gender,Female,PM's Partisanship,Labour Party,PM's Position in EU Integration,Neutral,Liberal Democrats,Plagiarism,Support EU Integration,Sexual Harassment,Male,Conservative Party,Neutral,Party Affiliation,Liberal Democrats,Scandal,Misreporting Funds,EU Integration,Neutral,PM's Scandal,Sexual Harassment,Gender,Male,PM's Partisanship,Conservative Party,PM's Position in EU Integration,Oppose EU Integration,Labour Party,Misreporting Funds,Support EU Integration,Plagiarism,Female,Labour Party,Support EU Integration
289,92.40.248.50,100,112,TRUE,2018/6/19 07:15,R_2BzIpLqAvZiQvWj,NA,NA,NA,NA,51.6000061,-0.066696167,anonymous,EN,1.585,8.124,8.967,4,Minister 1,5.211,27.641,28.906,9,Minister 2,PM's Position in EU Integration,Neutral,EU Integration,Oppose EU Integration,PM's Scandal,Plagiarism,PM's Partisanship,Labour Party,Party Affiliation,Labour Party,Gender,Male,Scandal,Misreporting Funds,Oppose EU Integration,Neutral,Having an Extramarital Affair,Conservative Party,Conservative Party,Female,Misreporting Funds,PM's Position in EU Integration,Neutral,EU Integration,Neutral,PM's Scandal,Sexual Harassment,PM's Partisanship,Labour Party,Party Affiliation,Labour Party,Gender,Female,Scandal,Having an Extramarital Affair,Neutral,Neutral,Plagiarism,Conservative Party,Conservative Party,Female,Having an Extramarital Affair
290,5.151.221.253,100,100,TRUE,2018/6/19 07:18,R_dhTa7Z78rQB4Hdv,NA,NA,NA,NA,51.88330078,0.899993896,anonymous,EN,0.655,14.748,15.397,6,Minister 2,1.118,7.681,8.227,4,Minister 1,Party Affiliation,Labour Party,Scandal,Sexual Harassment,EU Integration,Oppose EU Integration,PM's Partisanship,Labour Party,PM's Position in EU Integration,Neutral,Gender,Male,PM's Scandal,Plagiarism,Liberal Democrats,Misreporting Funds,Oppose EU Integration,Conservative Party,Neutral,Female,Having an Extramarital Affair,Party Affiliation,Conservative Party,Scandal,No Scandal,EU Integration,Neutral,PM's Partisanship,Conservative Party,PM's Position in EU Integration,Support EU Integration,Gender,Female,PM's Scandal,Plagiarism,Conservative Party,No Scandal,Neutral,Conservative Party,Oppose EU Integration,Female,Having an Extramarital Affair
291,86.1.184.137,100,62,TRUE,2018/6/19 07:19,R_vqytAXpzfBLAAmd,NA,NA,NA,NA,51.88330078,0.899993896,anonymous,EN,1.092,11.848,11.875,7,Minister 2,0.719,7.714,9.637,7,Minister 1,Gender,Female,Scandal,Plagiarism,PM's Partisanship,Conservative Party,EU Integration,Support EU Integration,PM's Scandal,Having an Extramarital Affair,Party Affiliation,Liberal Democrats,PM's Position in EU Integration,Oppose EU Integration,Female,No Scandal,Conservative Party,Oppose EU Integration,No Scandal,Liberal Democrats,Neutral,Gender,Male,Scandal,Having an Extramarital Affair,PM's Partisanship,Labour Party,EU Integration,Oppose EU Integration,PM's Scandal,Misreporting Funds,Party Affiliation,Labour Party,PM's Position in EU Integration,Support EU Integration,Male,Sexual Harassment,Conservative Party,Neutral,Sexual Harassment,Liberal Democrats,Oppose EU Integration
292,90.255.21.138,100,80,TRUE,2018/6/19 07:22,R_3Rm6v3AmIlqEbuA,NA,NA,NA,NA,51.5,-0.116699219,anonymous,EN,10.057,10.057,10.89,1,Minister 1,13.304,13.304,14.144,1,Minister 2,PM's Position in EU Integration,Oppose EU Integration,Gender,Male,Scandal,No Scandal,EU Integration,Support EU Integration,PM's Scandal,Plagiarism,PM's Partisanship,Conservative Party,Party Affiliation,Conservative Party,Oppose EU Integration,Male,Sexual Harassment,Neutral,Sexual Harassment,Labour Party,Labour Party,PM's Position in EU Integration,Neutral,Gender,Female,Scandal,Plagiarism,EU Integration,Oppose EU Integration,PM's Scandal,Misreporting Funds,PM's Partisanship,Conservative Party,Party Affiliation,Liberal Democrats,Support EU Integration,Male,Having an Extramarital Affair,Neutral,Sexual Harassment,Conservative Party,Liberal Democrats
293,84.92.90.30,100,74,TRUE,2018/6/19 07:27,R_3a7wQdOsjkpMGCR,NA,NA,NA,NA,51.65719604,0.760803223,anonymous,EN,0.872,3.006,3.73,4,Minister 2,0.376,1.936,2.409,4,Minister 2,EU Integration,Neutral,Gender,Female,Scandal,Plagiarism,PM's Scandal,Sexual Harassment,PM's Partisanship,Conservative Party,PM's Position in EU Integration,Neutral,Party Affiliation,Conservative Party,Neutral,Female,Having an Extramarital Affair,Having an Extramarital Affair,Conservative Party,Neutral,Conservative Party,EU Integration,Neutral,Gender,Female,Scandal,Misreporting Funds,PM's Scandal,Having an Extramarital Affair,PM's Partisanship,Conservative Party,PM's Position in EU Integration,Neutral,Party Affiliation,Conservative Party,Support EU Integration,Male,Misreporting Funds,Sexual Harassment,Conservative Party,Neutral,Conservative Party
294,81.147.69.209,100,144,TRUE,2018/6/19 07:31,R_25BDXTU4jj5OGA5,NA,NA,NA,NA,51.88330078,0.899993896,anonymous,EN,11.298,13.088,13.706,3,Minister 1,28.984,31.866,31.916,5,Minister 2,Scandal,Plagiarism,Gender,Female,PM's Position in EU Integration,Support EU Integration,EU Integration,Neutral,PM's Partisanship,Conservative Party,PM's Scandal,Having an Extramarital Affair,Party Affiliation,Liberal Democrats,No Scandal,Female,Neutral,Neutral,Conservative Party,No Scandal,Conservative Party,Scandal,Misreporting Funds,Gender,Male,PM's Position in EU Integration,Support EU Integration,EU Integration,Support EU Integration,PM's Partisanship,Conservative Party,PM's Scandal,Sexual Harassment,Party Affiliation,Conservative Party,Plagiarism,Male,Support EU Integration,Neutral,Labour Party,Having an Extramarital Affair,Labour Party
295,86.14.185.252,100,104,TRUE,2018/6/19 07:32,R_3p8TS5B1dXRMhFr,NA,NA,NA,NA,51.88330078,0.899993896,anonymous,EN,0.934,17.45,18.205,6,Minister 2,0.664,16.345,16.923,6,Minister 1,PM's Partisanship,Conservative Party,EU Integration,Neutral,Scandal,Misreporting Funds,Gender,Female,Party Affiliation,Conservative Party,PM's Scandal,No Scandal,PM's Position in EU Integration,Neutral,Labour Party,Neutral,No Scandal,Female,Labour Party,Having an Extramarital Affair,Oppose EU Integration,PM's Partisanship,Labour Party,EU Integration,Support EU Integration,Scandal,Misreporting Funds,Gender,Female,Party Affiliation,Labour Party,PM's Scandal,Having an Extramarital Affair,PM's Position in EU Integration,Oppose EU Integration,Conservative Party,Support EU Integration,Misreporting Funds,Female,Conservative Party,Plagiarism,Support EU Integration
296,147.147.162.56,100,99,TRUE,2018/6/19 07:33,R_2asOYrH3ExAo4Ra,NA,NA,NA,NA,51.88330078,0.899993896,anonymous,EN,20.549,20.549,23.662,1,Minister 1,13.502,13.502,15.214,1,Minister 2,Party Affiliation,Labour Party,PM's Scandal,Having an Extramarital Affair,EU Integration,Support EU Integration,PM's Partisanship,Labour Party,Gender,Male,Scandal,Having an Extramarital Affair,PM's Position in EU Integration,Oppose EU Integration,Labour Party,Having an Extramarital Affair,Neutral,Labour Party,Female,Having an Extramarital Affair,Support EU Integration,Party Affiliation,Labour Party,PM's Scandal,Sexual Harassment,EU Integration,Neutral,PM's Partisanship,Labour Party,Gender,Female,Scandal,Misreporting Funds,PM's Position in EU Integration,Support EU Integration,Labour Party,Plagiarism,Oppose EU Integration,Labour Party,Male,No Scandal,Oppose EU Integration
297,82.132.218.185,100,65,TRUE,2018/6/19 07:36,R_3QMCcc4CAuC41Kv,NA,NA,NA,NA,51.51669312,-0.333297729,anonymous,EN,1.161,3.655,4.238,4,Minister 1,0.876,4.325,4.584,5,Minister 2,PM's Partisanship,Conservative Party,PM's Position in EU Integration,Oppose EU Integration,PM's Scandal,Sexual Harassment,Party Affiliation,Liberal Democrats,Gender,Female,Scandal,No Scandal,EU Integration,Neutral,Labour Party,Support EU Integration,Misreporting Funds,Labour Party,Female,Having an Extramarital Affair,Support EU Integration,PM's Partisanship,Labour Party,PM's Position in EU Integration,Neutral,PM's Scandal,Plagiarism,Party Affiliation,Labour Party,Gender,Female,Scandal,Sexual Harassment,EU Integration,Support EU Integration,Conservative Party,Neutral,Sexual Harassment,Conservative Party,Female,No Scandal,Neutral
298,86.161.54.232,100,90,TRUE,2018/6/19 07:51,R_5yVwH8inchGDkGt,NA,NA,NA,NA,51.88330078,0.899993896,anonymous,EN,18.32,19.514,19.951,4,Minister 2,18.845,19.946,20.673,3,Minister 1,EU Integration,Oppose EU Integration,PM's Partisanship,Conservative Party,Gender,Female,Scandal,Misreporting Funds,PM's Scandal,Sexual Harassment,PM's Position in EU Integration,Oppose EU Integration,Party Affiliation,Liberal Democrats,Oppose EU Integration,Labour Party,Male,No Scandal,Sexual Harassment,Oppose EU Integration,Labour Party,EU Integration,Support EU Integration,PM's Partisanship,Labour Party,Gender,Female,Scandal,No Scandal,PM's Scandal,Plagiarism,PM's Position in EU Integration,Neutral,Party Affiliation,Labour Party,Oppose EU Integration,Conservative Party,Female,No Scandal,Plagiarism,Oppose EU Integration,Liberal Democrats
299,155.245.62.47,100,96,TRUE,2018/6/19 07:52,R_QaE84OZh1h7Bm4F,NA,NA,NA,NA,51.88330078,0.899993896,anonymous,EN,8.754,8.754,9.765,1,Minister 1,24.038,24.038,24.872,1,Minister 2,Scandal,Plagiarism,PM's Position in EU Integration,Neutral,EU Integration,Support EU Integration,PM's Scandal,Having an Extramarital Affair,Party Affiliation,Conservative Party,Gender,Female,PM's Partisanship,Conservative Party,Sexual Harassment,Support EU Integration,Oppose EU Integration,Plagiarism,Labour Party,Male,Labour Party,Scandal,Having an Extramarital Affair,PM's Position in EU Integration,Support EU Integration,EU Integration,Oppose EU Integration,PM's Scandal,Plagiarism,Party Affiliation,Conservative Party,Gender,Male,PM's Partisanship,Conservative Party,No Scandal,Neutral,Neutral,Sexual Harassment,Labour Party,Male,Labour Party
301,155.245.69.102,100,66,TRUE,2018/6/19 08:01,R_1JUYGxjE3lWcSKp,NA,NA,NA,NA,51.93649292,1.278305054,anonymous,EN,8.882,8.882,10.937,1,Minister 1,11.42,11.42,12.684,1,Minister 1,PM's Position in EU Integration,Support EU Integration,EU Integration,Support EU Integration,PM's Scandal,No Scandal,PM's Partisanship,Conservative Party,Party Affiliation,Liberal Democrats,Gender,Female,Scandal,No Scandal,Support EU Integration,Neutral,Misreporting Funds,Conservative Party,Liberal Democrats,Male,Misreporting Funds,PM's Position in EU Integration,Support EU Integration,EU Integration,Oppose EU Integration,PM's Scandal,Having an Extramarital Affair,PM's Partisanship,Labour Party,Party Affiliation,Labour Party,Gender,Female,Scandal,Plagiarism,Neutral,Support EU Integration,Misreporting Funds,Conservative Party,Conservative Party,Male,Sexual Harassment
302,213.205.251.27,100,51,TRUE,2018/6/19 08:02,R_3suyo9FhqfprAub,NA,NA,NA,NA,51.55000305,0.166702271,anonymous,EN,2.301,3.631,3.669,4,Minister 1,0.868,1.491,2.078,3,Minister 2,Scandal,Having an Extramarital Affair,PM's Position in EU Integration,Neutral,Gender,Female,PM's Partisanship,Conservative Party,Party Affiliation,Conservative Party,PM's Scandal,Misreporting Funds,EU Integration,Support EU Integration,Sexual Harassment,Oppose EU Integration,Female,Conservative Party,Conservative Party,Having an Extramarital Affair,Oppose EU Integration,Scandal,Plagiarism,PM's Position in EU Integration,Oppose EU Integration,Gender,Male,PM's Partisanship,Conservative Party,Party Affiliation,Conservative Party,PM's Scandal,Sexual Harassment,EU Integration,Support EU Integration,Having an Extramarital Affair,Oppose EU Integration,Male,Conservative Party,Conservative Party,Misreporting Funds,Neutral
303,86.11.249.25,100,61,TRUE,2018/6/19 08:04,R_1BVnOjo9FtKfQ4J,NA,NA,NA,NA,51.88330078,0.899993896,anonymous,EN,1.133,2.428,5.933,3,Minister 2,1.043,3.23,3.769,4,Minister 2,EU Integration,Oppose EU Integration,PM's Scandal,Sexual Harassment,Scandal,Sexual Harassment,Party Affiliation,Liberal Democrats,PM's Position in EU Integration,Support EU Integration,PM's Partisanship,Conservative Party,Gender,Female,Oppose EU Integration,Misreporting Funds,Plagiarism,Conservative Party,Support EU Integration,Conservative Party,Female,EU Integration,Neutral,PM's Scandal,Misreporting Funds,Scandal,Sexual Harassment,Party Affiliation,Labour Party,PM's Position in EU Integration,Support EU Integration,PM's Partisanship,Labour Party,Gender,Female,Support EU Integration,Sexual Harassment,Plagiarism,Conservative Party,Oppose EU Integration,Conservative Party,Male
304,81.135.1.48,100,93,TRUE,2018/6/19 08:06,R_20MeUNn8UUPZgwc,NA,NA,NA,NA,51.89660645,-0.634506226,anonymous,EN,10.465,12.94,15.749,2,Minister 1,13.939,15.935,18.318,2,Minister 2,Gender,Male,EU Integration,Support EU Integration,Party Affiliation,Liberal Democrats,PM's Partisanship,Conservative Party,Scandal,No Scandal,PM's Position in EU Integration,Support EU Integration,PM's Scandal,Having an Extramarital Affair,Male,Neutral,Conservative Party,Conservative Party,No Scandal,Neutral,Having an Extramarital Affair,Gender,Male,EU Integration,Support EU Integration,Party Affiliation,Labour Party,PM's Partisanship,Labour Party,Scandal,Plagiarism,PM's Position in EU Integration,Oppose EU Integration,PM's Scandal,Plagiarism,Male,Oppose EU Integration,Labour Party,Labour Party,Misreporting Funds,Support EU Integration,Having an Extramarital Affair
305,155.245.155.242,100,121,TRUE,2018/6/19 08:06,R_2Yu0bmCPSmdMuVP,NA,NA,NA,NA,51.90859985,0.920898438,anonymous,EN,5.134,25.268,25.86,5,Minister 2,2.203,20.552,21.152,8,Minister 2,Gender,Male,PM's Position in EU Integration,Oppose EU Integration,Party Affiliation,Conservative Party,PM's Scandal,Misreporting Funds,Scandal,No Scandal,PM's Partisanship,Conservative Party,EU Integration,Neutral,Male,Oppose EU Integration,Labour Party,Sexual Harassment,Plagiarism,Labour Party,Neutral,Gender,Female,PM's Position in EU Integration,Support EU Integration,Party Affiliation,Liberal Democrats,PM's Scandal,Sexual Harassment,Scandal,Misreporting Funds,PM's Partisanship,Conservative Party,EU Integration,Neutral,Male,Support EU Integration,Liberal Democrats,No Scandal,No Scandal,Conservative Party,Oppose EU Integration
306,86.135.29.157,100,152,TRUE,2018/6/19 08:09,R_2R4ymHzrNJeSGHj,NA,NA,NA,NA,51.88330078,0.899993896,anonymous,EN,41.949,43.269,44.717,3,Minister 1,17.413,18.965,21.795,3,Minister 1,PM's Position in EU Integration,Oppose EU Integration,EU Integration,Support EU Integration,Scandal,Plagiarism,PM's Partisanship,Conservative Party,PM's Scandal,Misreporting Funds,Gender,Female,Party Affiliation,Liberal Democrats,Oppose EU Integration,Neutral,Misreporting Funds,Conservative Party,No Scandal,Male,Conservative Party,PM's Position in EU Integration,Neutral,EU Integration,Neutral,Scandal,Plagiarism,PM's Partisanship,Conservative Party,PM's Scandal,No Scandal,Gender,Female,Party Affiliation,Liberal Democrats,Neutral,Oppose EU Integration,Sexual Harassment,Conservative Party,Having an Extramarital Affair,Female,Liberal Democrats
307,217.9.203.114,100,73,TRUE,2018/6/19 08:10,R_AHRcgCwAm8iEviF,NA,NA,NA,NA,53.16670227,-3.083297729,anonymous,EN,1.851,11.234,11.813,5,Minister 1,2.2,9.076,9.635,5,Minister 2,PM's Position in EU Integration,Oppose EU Integration,Gender,Male,Scandal,Sexual Harassment,PM's Partisanship,Conservative Party,PM's Scandal,Having an Extramarital Affair,EU Integration,Support EU Integration,Party Affiliation,Conservative Party,Support EU Integration,Male,Sexual Harassment,Conservative Party,Sexual Harassment,Neutral,Conservative Party,PM's Position in EU Integration,Support EU Integration,Gender,Male,Scandal,Misreporting Funds,PM's Partisanship,Conservative Party,PM's Scandal,Plagiarism,EU Integration,Neutral,Party Affiliation,Liberal Democrats,Neutral,Female,Sexual Harassment,Conservative Party,Sexual Harassment,Support EU Integration,Conservative Party
308,155.245.56.74,100,131,TRUE,2018/6/19 08:16,R_2fe3UtTYS4WIaVd,NA,NA,NA,NA,51.90859985,0.920898438,anonymous,EN,41.791,41.791,43.094,1,Minister 1,20.185,20.185,21.443,1,Minister 2,PM's Position in EU Integration,Support EU Integration,EU Integration,Support EU Integration,Gender,Female,Scandal,Misreporting Funds,PM's Scandal,Misreporting Funds,PM's Partisanship,Labour Party,Party Affiliation,Labour Party,Support EU Integration,Oppose EU Integration,Female,Sexual Harassment,No Scandal,Conservative Party,Conservative Party,PM's Position in EU Integration,Oppose EU Integration,EU Integration,Support EU Integration,Gender,Male,Scandal,No Scandal,PM's Scandal,Misreporting Funds,PM's Partisanship,Labour Party,Party Affiliation,Labour Party,Support EU Integration,Neutral,Female,Plagiarism,Having an Extramarital Affair,Conservative Party,Conservative Party
309,217.43.97.236,100,200,TRUE,2018/6/19 08:20,R_2XiW8O2ZxgtJnDs,NA,NA,NA,NA,51.73210144,-1.206298828,anonymous,EN,80.021,90.573,91.727,6,Minister 1,5.995,21.476,22.398,11,Minister 2,Gender,Male,Party Affiliation,Labour Party,PM's Partisanship,Labour Party,PM's Scandal,Misreporting Funds,Scandal,Misreporting Funds,EU Integration,Oppose EU Integration,PM's Position in EU Integration,Oppose EU Integration,Female,Liberal Democrats,Conservative Party,Sexual Harassment,Plagiarism,Support EU Integration,Oppose EU Integration,Gender,Male,Party Affiliation,Liberal Democrats,PM's Partisanship,Conservative Party,PM's Scandal,Plagiarism,Scandal,Misreporting Funds,EU Integration,Support EU Integration,PM's Position in EU Integration,Support EU Integration,Male,Liberal Democrats,Conservative Party,Plagiarism,Plagiarism,Support EU Integration,Oppose EU Integration
310,82.145.55.37,100,75,TRUE,2018/6/19 08:20,R_1gtKH8XkvGbJDtr,NA,NA,NA,NA,51.49639893,-0.122406006,anonymous,EN,4.396,16.407,17.479,4,Minister 1,2.955,17.629,19.082,6,Minister 1,EU Integration,Neutral,Party Affiliation,Liberal Democrats,PM's Partisanship,Conservative Party,Gender,Female,PM's Scandal,Sexual Harassment,PM's Position in EU Integration,Oppose EU Integration,Scandal,Misreporting Funds,Oppose EU Integration,Liberal Democrats,Conservative Party,Male,Sexual Harassment,Oppose EU Integration,Having an Extramarital Affair,EU Integration,Oppose EU Integration,Party Affiliation,Liberal Democrats,PM's Partisanship,Conservative Party,Gender,Female,PM's Scandal,Plagiarism,PM's Position in EU Integration,Neutral,Scandal,Plagiarism,Neutral,Conservative Party,Conservative Party,Female,No Scandal,Neutral,Sexual Harassment
311,90.252.28.83,100,81,TRUE,2018/6/19 08:33,R_w74DnRry9N1yYX7,NA,NA,NA,NA,50.86669922,-1.016693115,anonymous,EN,7.707,7.707,9.603,1,Minister 1,8.944,8.944,12.322,1,Minister 1,Party Affiliation,Labour Party,Scandal,Sexual Harassment,PM's Scandal,Having an Extramarital Affair,EU Integration,Support EU Integration,Gender,Female,PM's Partisanship,Labour Party,PM's Position in EU Integration,Support EU Integration,Liberal Democrats,Plagiarism,Misreporting Funds,Support EU Integration,Male,Conservative Party,Support EU Integration,Party Affiliation,Conservative Party,Scandal,Having an Extramarital Affair,PM's Scandal,Sexual Harassment,EU Integration,Oppose EU Integration,Gender,Female,PM's Partisanship,Conservative Party,PM's Position in EU Integration,Support EU Integration,Conservative Party,Misreporting Funds,Misreporting Funds,Oppose EU Integration,Male,Conservative Party,Oppose EU Integration
312,90.218.93.254,100,268,TRUE,2018/6/19 08:42,R_2Eiam4XIOXPTImH,NA,NA,NA,NA,52.08329773,1.166702271,anonymous,EN,18.689,75.438,77.564,5,Minister 2,81.927,86.268,88.903,2,Minister 1,PM's Position in EU Integration,Oppose EU Integration,EU Integration,Oppose EU Integration,PM's Partisanship,Conservative Party,Party Affiliation,Conservative Party,Gender,Female,Scandal,Misreporting Funds,PM's Scandal,Misreporting Funds,Neutral,Neutral,Conservative Party,Liberal Democrats,Male,Sexual Harassment,Sexual Harassment,PM's Position in EU Integration,Neutral,EU Integration,Neutral,PM's Partisanship,Conservative Party,Party Affiliation,Conservative Party,Gender,Female,Scandal,Plagiarism,PM's Scandal,Misreporting Funds,Neutral,Support EU Integration,Labour Party,Labour Party,Female,Sexual Harassment,Misreporting Funds
313,86.154.46.108,100,214,TRUE,2018/6/19 09:06,R_1P7ej0aOf2XcYTg,NA,NA,NA,NA,51.88330078,0.899993896,anonymous,EN,21.382,21.384,22.747,2,Minister 2,17.771,17.781,19.151,2,Minister 1,Gender,Male,Party Affiliation,Liberal Democrats,PM's Partisanship,Conservative Party,Scandal,Having an Extramarital Affair,EU Integration,Neutral,PM's Position in EU Integration,Support EU Integration,PM's Scandal,Sexual Harassment,Female,Labour Party,Labour Party,No Scandal,Neutral,Neutral,Sexual Harassment,Gender,Male,Party Affiliation,Conservative Party,PM's Partisanship,Conservative Party,Scandal,No Scandal,EU Integration,Support EU Integration,PM's Position in EU Integration,Support EU Integration,PM's Scandal,Having an Extramarital Affair,Male,Conservative Party,Conservative Party,Having an Extramarital Affair,Support EU Integration,Neutral,Sexual Harassment
